ID,Môn học,Cấp học,Độ khó,Câu hỏi,Phương án A,Phương án B,Phương án C,Phương án D,Đáp án đúng,Giải thích (Đáp án gốc)
1,GDCD,THCS,Dễ,Em hãy giải thích: Pháp luật là gì?,"Tuân thủ pháp luật giúp bảo đảm trật tự xã hội, bảo vệ quyền lợi hợp pháp và thực hiện trách nhiệm của công dân.",Pháp luật là hệ thống các quy tắc xử sự chung do Nhà nước ban hành hoặc thừa nhận và bảo đảm thực hiện.,"Thắng lợi có nhiều nguyên nhân, trong đó có sự lãnh đạo của lực lượng cách mạng, quá trình chuẩn bị lâu dài, sức mạnh quần chúng và thời cơ thuận lợi khi Nhật đầu hàng Đồng minh.",Thuật toán là một dãy hữu hạn các bước rõ ràng dùng để giải quyết một bài toán hoặc thực hiện một nhiệm vụ.,B,Pháp luật là hệ thống các quy tắc xử sự chung do Nhà nước ban hành hoặc thừa nhận và bảo đảm thực hiện.
2,GDCD,THCS,Trung bình,Vì sao công dân cần tuân thủ pháp luật?,"Kiểm tra đầu vào giúp phát hiện dữ liệu không hợp lệ, hạn chế lỗi và làm chương trình hoạt động an toàn, đúng hơn.",Pháp luật là hệ thống các quy tắc xử sự chung do Nhà nước ban hành hoặc thừa nhận và bảo đảm thực hiện.,Khóa chính dùng để xác định duy nhất mỗi bản ghi trong một bảng và không được trùng giá trị giữa các bản ghi.,"Tuân thủ pháp luật giúp bảo đảm trật tự xã hội, bảo vệ quyền lợi hợp pháp và thực hiện trách nhiệm của công dân.",D,"Tuân thủ pháp luật giúp bảo đảm trật tự xã hội, bảo vệ quyền lợi hợp pháp và thực hiện trách nhiệm của công dân."
3,Giáo dục kinh tế & pháp luật,THPT,Trung bình,Hãy cho biết Lạm phát là gì?,"Lạm phát cao làm giảm sức mua, gây khó khăn cho việc lập kế hoạch chi tiêu và đầu tư, đồng thời có thể làm tăng bất ổn kinh tế nếu kéo dài.","Con người cần không khí, nước, thức ăn và các điều kiện sống phù hợp.",Cầu là lượng hàng hóa hoặc dịch vụ người mua có khả năng và sẵn sàng mua ở các mức giá khác nhau; cung là lượng hàng hóa hoặc dịch vụ người bán có khả năng và sẵn sàng cung ứng.,"Lạm phát là tình trạng mức giá chung của hàng hóa và dịch vụ tăng lên một cách kéo dài, làm giảm sức mua của đồng tiền.",D,"Lạm phát là tình trạng mức giá chung của hàng hóa và dịch vụ tăng lên một cách kéo dài, làm giảm sức mua của đồng tiền."
4,Lịch sử,Tiểu học,Trung bình,Em hãy giải thích: Ngày Quốc khánh Việt Nam là ngày nào?,"Toàn cầu hóa tăng cường liên kết và trao đổi kinh tế, công nghệ, văn hóa giữa các quốc gia nhưng cũng tạo ra cạnh tranh và nhiều thách thức về bất bình đẳng, môi trường và khả năng thích ứng.",Ngày Quốc khánh Việt Nam là ngày 2 tháng 9.,Chiến thắng Điện Biên Phủ diễn ra năm 1954.,"Thắng lợi có nhiều nguyên nhân, trong đó có sự lãnh đạo của lực lượng cách mạng, quá trình chuẩn bị lâu dài, sức mạnh quần chúng và thời cơ thuận lợi khi Nhật đầu hàng Đồng minh.",B,Ngày Quốc khánh Việt Nam là ngày 2 tháng 9.
5,Lịch sử,Tiểu học,Trung bình,Hãy cho biết Ngày Quốc khánh Việt Nam là ngày nào?,Chiến thắng Điện Biên Phủ diễn ra năm 1954.,Ngày Quốc khánh Việt Nam là ngày 2 tháng 9.,Chiến tranh thế giới thứ hai kết thúc vào năm 1945.,Chủ tịch Hồ Chí Minh đọc Tuyên ngôn Độc lập.,B,Ngày Quốc khánh Việt Nam là ngày 2 tháng 9.
6,Vật lý,THCS,Dễ,Đơn vị của lực trong hệ SI là gì?,Động năng là 1/2 × 2 × 3² = 9 J.,"Đơn vị của lực là niutơn, ký hiệu N.",Vận tốc trung bình là 120/2 = 60 km/h.,Vận tốc được tính bằng quãng đường chia cho thời gian: v = s/t.,B,"Đơn vị của lực là niutơn, ký hiệu N."
7,Sinh học,THCS,Khó,Em hãy giải thích: Vì sao hô hấp tế bào quan trọng đối với cơ thể?,"Quang hợp là quá trình thực vật sử dụng năng lượng ánh sáng để tổng hợp chất hữu cơ từ carbon dioxide và nước, đồng thời giải phóng oxygen.",DNA là phân tử mang và lưu trữ thông tin di truyền ở hầu hết sinh vật.,Gen là một đoạn DNA mang thông tin quy định một sản phẩm chức năng hoặc tham gia quy định một tính trạng theo cơ chế di truyền.,Hô hấp tế bào giải phóng năng lượng từ chất hữu cơ để cung cấp năng lượng cho các hoạt động sống của tế bào.,D,Hô hấp tế bào giải phóng năng lượng từ chất hữu cơ để cung cấp năng lượng cho các hoạt động sống của tế bào.
8,Hóa học,THCS,Trung bình,Hãy cho biết Nguyên tử gồm những thành phần cơ bản nào?,Phản ứng hóa học là quá trình trong đó các chất ban đầu biến đổi thành những chất mới.,"Cân bằng hóa học là trạng thái của phản ứng thuận nghịch khi tốc độ phản ứng thuận bằng tốc độ phản ứng nghịch, khiến nồng độ các chất không đổi theo thời gian ở điều kiện xác định.","Chất xúc tác làm thay đổi tốc độ phản ứng, thường bằng cách cung cấp con đường phản ứng có năng lượng hoạt hóa thấp hơn, và không bị tiêu hao sau phản ứng.","Nguyên tử gồm hạt nhân chứa proton và neutron, cùng các electron chuyển động xung quanh hạt nhân.",D,"Nguyên tử gồm hạt nhân chứa proton và neutron, cùng các electron chuyển động xung quanh hạt nhân."
9,Toán,Tiểu học,Dễ,Hãy cho biết Số nào lớn hơn: 35 hay 53?,x = 4.,53 lớn hơn 35.,Còn lại 29 quyển vở.,Có 16 học sinh nữ và 16 học sinh nam.,B,53 lớn hơn 35.
10,Toán,THPT,Trung bình,Em hãy giải thích: Giải phương trình x² - 5x + 6 = 0.?,53 lớn hơn 35.,Chu vi là 6 × 4 = 24 cm.,Giá trị tích phân là [x²] từ 0 đến 1 = 1.,Hai nghiệm là x = 2 và x = 3.,D,Hai nghiệm là x = 2 và x = 3.
11,Tin học,Tiểu học,Trung bình,Mật khẩu mạnh nên có đặc điểm gì?,"Mật khẩu mạnh nên đủ dài, khó đoán và kết hợp nhiều loại ký tự; không nên dùng thông tin cá nhân dễ đoán.","Kiểm tra đầu vào giúp phát hiện dữ liệu không hợp lệ, hạn chế lỗi và làm chương trình hoạt động an toàn, đúng hơn.","Cơ sở dữ liệu là tập hợp dữ liệu được tổ chức để lưu trữ, truy cập và quản lý hiệu quả.","Nó mô tả mức tăng của chi phí tính toán theo kích thước đầu vào n, nhanh hơn O(n²) khi n đủ lớn và thường gặp trong các thuật toán sắp xếp hiệu quả như Merge Sort.",A,"Mật khẩu mạnh nên đủ dài, khó đoán và kết hợp nhiều loại ký tự; không nên dùng thông tin cá nhân dễ đoán."
12,Tiếng Anh,THPT,Trung bình,Câu điều kiện loại 1 thường dùng để diễn tả điều gì?,'Book' nghĩa là 'quyển sách'.,She doesn't like apples.,Câu điều kiện loại 1 thường diễn tả một điều kiện có khả năng xảy ra ở hiện tại hoặc tương lai và kết quả có thể xảy ra.,"'Few' mang nghĩa gần như không có hoặc số lượng rất ít; 'a few' nghĩa là có một vài, nhấn mạnh rằng vẫn có một số lượng nhất định.",C,Câu điều kiện loại 1 thường diễn tả một điều kiện có khả năng xảy ra ở hiện tại hoặc tương lai và kết quả có thể xảy ra.
13,Lịch sử,Tiểu học,Trung bình,Ngày Quốc khánh Việt Nam là ngày nào?,"Toàn cầu hóa tăng cường liên kết và trao đổi kinh tế, công nghệ, văn hóa giữa các quốc gia nhưng cũng tạo ra cạnh tranh và nhiều thách thức về bất bình đẳng, môi trường và khả năng thích ứng.",Ngày Quốc khánh Việt Nam là ngày 2 tháng 9.,Chủ tịch Hồ Chí Minh đọc Tuyên ngôn Độc lập.,"Thắng lợi có nhiều nguyên nhân, trong đó có sự lãnh đạo của lực lượng cách mạng, quá trình chuẩn bị lâu dài, sức mạnh quần chúng và thời cơ thuận lợi khi Nhật đầu hàng Đồng minh.",B,Ngày Quốc khánh Việt Nam là ngày 2 tháng 9.
14,Lịch sử,THPT,Khó,Toàn cầu hóa có những tác động chủ yếu nào đối với các quốc gia?,"Toàn cầu hóa tăng cường liên kết và trao đổi kinh tế, công nghệ, văn hóa giữa các quốc gia nhưng cũng tạo ra cạnh tranh và nhiều thách thức về bất bình đẳng, môi trường và khả năng thích ứng.",Chủ tịch Hồ Chí Minh đọc Tuyên ngôn Độc lập.,Cách mạng tháng Tám đã giành chính quyền trên cả nước và dẫn tới sự ra đời của nước Việt Nam Dân chủ Cộng hòa.,Chiến tranh thế giới thứ hai kết thúc vào năm 1945.,A,"Toàn cầu hóa tăng cường liên kết và trao đổi kinh tế, công nghệ, văn hóa giữa các quốc gia nhưng cũng tạo ra cạnh tranh và nhiều thách thức về bất bình đẳng, môi trường và khả năng thích ứng."
15,Ngữ văn,THCS,Trung bình,Hoán dụ là gì?,Nghị luận xã hội là kiểu bài dùng lập luận và bằng chứng để bàn luận về một vấn đề thuộc đời sống xã hội.,Đề tài là phạm vi hiện thực được tác phẩm phản ánh; chủ đề là vấn đề hoặc tư tưởng trọng tâm mà tác phẩm muốn làm nổi bật.,"Sự kết hợp giúp văn bản vừa có diễn biến và thông tin, vừa tạo hình ảnh sinh động và bộc lộ cảm xúc, làm tăng sức thuyết phục và hấp dẫn.",Hoán dụ là biện pháp tu từ gọi tên sự vật này bằng tên sự vật khác có quan hệ gần gũi với nó.,D,Hoán dụ là biện pháp tu từ gọi tên sự vật này bằng tên sự vật khác có quan hệ gần gũi với nó.
16,Vật lý,THCS,Trung bình,Công thức tính vận tốc là gì?,Vận tốc trung bình là 120/2 = 60 km/h.,Vận tốc được tính bằng quãng đường chia cho thời gian: v = s/t.,"Định luật II Newton có dạng F = ma, trong đó F là hợp lực, m là khối lượng và a là gia tốc.",Động năng được tính bằng Wđ = 1/2 mv².,B,Vận tốc được tính bằng quãng đường chia cho thời gian: v = s/t.
17,Sinh học,THCS,Khó,Hãy cho biết Vì sao hô hấp tế bào quan trọng đối với cơ thể?,Hô hấp tế bào giải phóng năng lượng từ chất hữu cơ để cung cấp năng lượng cho các hoạt động sống của tế bào.,Tế bào là đơn vị cấu tạo và chức năng cơ bản của cơ thể sống.,"Đột biến gen là sự biến đổi trong trình tự nucleotide của gen, có thể tạo ra alen mới và có những tác động khác nhau đến sinh vật.",DNA là phân tử mang và lưu trữ thông tin di truyền ở hầu hết sinh vật.,A,Hô hấp tế bào giải phóng năng lượng từ chất hữu cơ để cung cấp năng lượng cho các hoạt động sống của tế bào.
18,Hóa học,THCS,Trung bình,Em hãy giải thích: Nguyên tử gồm những thành phần cơ bản nào?,"Cân bằng hóa học là trạng thái của phản ứng thuận nghịch khi tốc độ phản ứng thuận bằng tốc độ phản ứng nghịch, khiến nồng độ các chất không đổi theo thời gian ở điều kiện xác định.",Nước có công thức hóa học là H₂O.,"Nguyên tử gồm hạt nhân chứa proton và neutron, cùng các electron chuyển động xung quanh hạt nhân.",Phản ứng hóa học là quá trình trong đó các chất ban đầu biến đổi thành những chất mới.,C,"Nguyên tử gồm hạt nhân chứa proton và neutron, cùng các electron chuyển động xung quanh hạt nhân."
19,Tin học,THCS,Trung bình,Em hãy giải thích: Biến trong chương trình dùng để làm gì?,Biến dùng để lưu trữ dữ liệu trong quá trình chương trình thực hiện và giá trị của biến có thể thay đổi.,"Nó mô tả mức tăng của chi phí tính toán theo kích thước đầu vào n, nhanh hơn O(n²) khi n đủ lớn và thường gặp trong các thuật toán sắp xếp hiệu quả như Merge Sort.","Chuột dùng để điều khiển con trỏ và thực hiện các thao tác như nhấp, kéo và chọn.","Cơ sở dữ liệu là tập hợp dữ liệu được tổ chức để lưu trữ, truy cập và quản lý hiệu quả.",A,Biến dùng để lưu trữ dữ liệu trong quá trình chương trình thực hiện và giá trị của biến có thể thay đổi.
20,Sinh học,THPT,Trung bình,Gen là gì?,"Quang hợp là quá trình thực vật sử dụng năng lượng ánh sáng để tổng hợp chất hữu cơ từ carbon dioxide và nước, đồng thời giải phóng oxygen.",Hô hấp tế bào giải phóng năng lượng từ chất hữu cơ để cung cấp năng lượng cho các hoạt động sống của tế bào.,Gen là một đoạn DNA mang thông tin quy định một sản phẩm chức năng hoặc tham gia quy định một tính trạng theo cơ chế di truyền.,Tế bào là đơn vị cấu tạo và chức năng cơ bản của cơ thể sống.,C,Gen là một đoạn DNA mang thông tin quy định một sản phẩm chức năng hoặc tham gia quy định một tính trạng theo cơ chế di truyền.
21,Giáo dục kinh tế & pháp luật,THPT,Khó,Em hãy giải thích: Vì sao lạm phát cao có thể gây khó khăn cho nền kinh tế?,"Lạm phát cao làm giảm sức mua, gây khó khăn cho việc lập kế hoạch chi tiêu và đầu tư, đồng thời có thể làm tăng bất ổn kinh tế nếu kéo dài.",Phản ứng hóa học là quá trình trong đó các chất ban đầu biến đổi thành những chất mới.,Cầu là lượng hàng hóa hoặc dịch vụ người mua có khả năng và sẵn sàng mua ở các mức giá khác nhau; cung là lượng hàng hóa hoặc dịch vụ người bán có khả năng và sẵn sàng cung ứng.,"Lạm phát là tình trạng mức giá chung của hàng hóa và dịch vụ tăng lên một cách kéo dài, làm giảm sức mua của đồng tiền.",A,"Lạm phát cao làm giảm sức mua, gây khó khăn cho việc lập kế hoạch chi tiêu và đầu tư, đồng thời có thể làm tăng bất ổn kinh tế nếu kéo dài."
22,Tin học,Tiểu học,Dễ,Chuột máy tính dùng để làm gì?,Biến dùng để lưu trữ dữ liệu trong quá trình chương trình thực hiện và giá trị của biến có thể thay đổi.,"Cơ sở dữ liệu là tập hợp dữ liệu được tổ chức để lưu trữ, truy cập và quản lý hiệu quả.","Chuột dùng để điều khiển con trỏ và thực hiện các thao tác như nhấp, kéo và chọn.","Nó mô tả mức tăng của chi phí tính toán theo kích thước đầu vào n, nhanh hơn O(n²) khi n đủ lớn và thường gặp trong các thuật toán sắp xếp hiệu quả như Merge Sort.",C,"Chuột dùng để điều khiển con trỏ và thực hiện các thao tác như nhấp, kéo và chọn."
23,Khoa học,Tiểu học,Trung bình,Vì sao chúng ta cần ăn nhiều loại thực phẩm khác nhau?,Động năng được tính bằng Wđ = 1/2 mv².,Vì cơ thể cần nhiều nhóm chất dinh dưỡng khác nhau để tăng trưởng và hoạt động.,"Con người cần không khí, nước, thức ăn và các điều kiện sống phù hợp.","Rửa tay giúp loại bỏ nhiều vi sinh vật và chất bẩn, từ đó giảm nguy cơ đưa mầm bệnh vào cơ thể.",B,Vì cơ thể cần nhiều nhóm chất dinh dưỡng khác nhau để tăng trưởng và hoạt động.
24,Tiếng Anh,Tiểu học,Trung bình,Điền từ thích hợp: 'I ___ a student.',"'Few' mang nghĩa gần như không có hoặc số lượng rất ít; 'a few' nghĩa là có một vài, nhấn mạnh rằng vẫn có một số lượng nhất định.","Thì hiện tại hoàn thành thường dùng để nói về hành động đã xảy ra trong quá khứ nhưng có liên hệ với hiện tại, hoặc kinh nghiệm và hành động kéo dài đến hiện tại.",Câu điều kiện loại 1 thường diễn tả một điều kiện có khả năng xảy ra ở hiện tại hoặc tương lai và kết quả có thể xảy ra.,Từ thích hợp là 'am'.,D,Từ thích hợp là 'am'.
25,Vật lý,THCS,Khó,Một xe đi 120 km trong 2 giờ. Vận tốc trung bình của xe là bao nhiêu?,Động năng được tính bằng Wđ = 1/2 mv².,Động năng là 1/2 × 2 × 3² = 9 J.,"Định luật II Newton có dạng F = ma, trong đó F là hợp lực, m là khối lượng và a là gia tốc.",Vận tốc trung bình là 120/2 = 60 km/h.,D,Vận tốc trung bình là 120/2 = 60 km/h.
26,Tin học,Tiểu học,Trung bình,Hãy cho biết Mật khẩu mạnh nên có đặc điểm gì?,Thuật toán là một dãy hữu hạn các bước rõ ràng dùng để giải quyết một bài toán hoặc thực hiện một nhiệm vụ.,"Nó mô tả mức tăng của chi phí tính toán theo kích thước đầu vào n, nhanh hơn O(n²) khi n đủ lớn và thường gặp trong các thuật toán sắp xếp hiệu quả như Merge Sort.","Chuột dùng để điều khiển con trỏ và thực hiện các thao tác như nhấp, kéo và chọn.","Mật khẩu mạnh nên đủ dài, khó đoán và kết hợp nhiều loại ký tự; không nên dùng thông tin cá nhân dễ đoán.",D,"Mật khẩu mạnh nên đủ dài, khó đoán và kết hợp nhiều loại ký tự; không nên dùng thông tin cá nhân dễ đoán."
27,Toán,THPT,Khó,Tích phân ∫ từ 0 đến 1 của 2x dx bằng bao nhiêu?,f'(x)=2x.,Giá trị tích phân là [x²] từ 0 đến 1 = 1.,x = 4.,Chu vi là 6 × 4 = 24 cm.,B,Giá trị tích phân là [x²] từ 0 đến 1 = 1.
28,Vật lý,THCS,Trung bình,Hãy cho biết Công thức tính vận tốc là gì?,Vận tốc trung bình là 120/2 = 60 km/h.,Vận tốc được tính bằng quãng đường chia cho thời gian: v = s/t.,"Đơn vị của lực là niutơn, ký hiệu N.","Định luật II Newton có dạng F = ma, trong đó F là hợp lực, m là khối lượng và a là gia tốc.",B,Vận tốc được tính bằng quãng đường chia cho thời gian: v = s/t.
29,Tiếng Anh,THPT,Trung bình,Hãy cho biết Câu điều kiện loại 1 thường dùng để diễn tả điều gì?,Câu điều kiện loại 1 thường diễn tả một điều kiện có khả năng xảy ra ở hiện tại hoặc tương lai và kết quả có thể xảy ra.,They are not playing football.,"'Few' mang nghĩa gần như không có hoặc số lượng rất ít; 'a few' nghĩa là có một vài, nhấn mạnh rằng vẫn có một số lượng nhất định.","Thì hiện tại hoàn thành thường dùng để nói về hành động đã xảy ra trong quá khứ nhưng có liên hệ với hiện tại, hoặc kinh nghiệm và hành động kéo dài đến hiện tại.",A,Câu điều kiện loại 1 thường diễn tả một điều kiện có khả năng xảy ra ở hiện tại hoặc tương lai và kết quả có thể xảy ra.
30,Toán,Tiểu học,Trung bình,"Hãy cho biết Một cửa hàng có 48 quyển vở, bán 19 quyển. Còn lại bao nhiêu quyển?",x = 4.,Còn lại 29 quyển vở.,Hai nghiệm là x = 2 và x = 3.,7 nhân 8 bằng 56.,B,Còn lại 29 quyển vở.
31,Sinh học,THPT,Khó,Em hãy giải thích: Đột biến gen là gì?,"Đột biến gen là sự biến đổi trong trình tự nucleotide của gen, có thể tạo ra alen mới và có những tác động khác nhau đến sinh vật.",Hô hấp tế bào giải phóng năng lượng từ chất hữu cơ để cung cấp năng lượng cho các hoạt động sống của tế bào.,"Quang hợp là quá trình thực vật sử dụng năng lượng ánh sáng để tổng hợp chất hữu cơ từ carbon dioxide và nước, đồng thời giải phóng oxygen.",Gen là một đoạn DNA mang thông tin quy định một sản phẩm chức năng hoặc tham gia quy định một tính trạng theo cơ chế di truyền.,A,"Đột biến gen là sự biến đổi trong trình tự nucleotide của gen, có thể tạo ra alen mới và có những tác động khác nhau đến sinh vật."
32,Tin học,THPT,Khó,Độ phức tạp O(n log n) có ý nghĩa gì?,"Cơ sở dữ liệu là tập hợp dữ liệu được tổ chức để lưu trữ, truy cập và quản lý hiệu quả.",Thuật toán là một dãy hữu hạn các bước rõ ràng dùng để giải quyết một bài toán hoặc thực hiện một nhiệm vụ.,"Nó mô tả mức tăng của chi phí tính toán theo kích thước đầu vào n, nhanh hơn O(n²) khi n đủ lớn và thường gặp trong các thuật toán sắp xếp hiệu quả như Merge Sort.","Kiểm tra đầu vào giúp phát hiện dữ liệu không hợp lệ, hạn chế lỗi và làm chương trình hoạt động an toàn, đúng hơn.",C,"Nó mô tả mức tăng của chi phí tính toán theo kích thước đầu vào n, nhanh hơn O(n²) khi n đủ lớn và thường gặp trong các thuật toán sắp xếp hiệu quả như Merge Sort."
33,Lịch sử,THPT,Trung bình,Em hãy giải thích: Liên Hợp Quốc được thành lập nhằm mục tiêu lớn nào?,"Một mục tiêu lớn là duy trì hòa bình và an ninh quốc tế, đồng thời thúc đẩy hợp tác giữa các quốc gia.","Toàn cầu hóa tăng cường liên kết và trao đổi kinh tế, công nghệ, văn hóa giữa các quốc gia nhưng cũng tạo ra cạnh tranh và nhiều thách thức về bất bình đẳng, môi trường và khả năng thích ứng.",Chiến tranh thế giới thứ hai kết thúc vào năm 1945.,"Thắng lợi có nhiều nguyên nhân, trong đó có sự lãnh đạo của lực lượng cách mạng, quá trình chuẩn bị lâu dài, sức mạnh quần chúng và thời cơ thuận lợi khi Nhật đầu hàng Đồng minh.",A,"Một mục tiêu lớn là duy trì hòa bình và an ninh quốc tế, đồng thời thúc đẩy hợp tác giữa các quốc gia."
34,Tiếng Anh,THPT,Dễ,Câu bị động trong tiếng Anh thường có cấu trúc cơ bản như thế nào?,She doesn't like apples.,"Thì hiện tại đơn thường diễn tả thói quen, sự thật hiển nhiên hoặc những việc thường xuyên xảy ra.","'Few' mang nghĩa gần như không có hoặc số lượng rất ít; 'a few' nghĩa là có một vài, nhấn mạnh rằng vẫn có một số lượng nhất định.","Cấu trúc cơ bản là chủ ngữ mới + be + past participle (V3), với thì của động từ be phù hợp.",D,"Cấu trúc cơ bản là chủ ngữ mới + be + past participle (V3), với thì của động từ be phù hợp."
35,Vật lý,THCS,Khó,Em hãy giải thích: Một xe đi 120 km trong 2 giờ. Vận tốc trung bình của xe là bao nhiêu?,Động năng là 1/2 × 2 × 3² = 9 J.,"Đơn vị của lực là niutơn, ký hiệu N.",Vận tốc trung bình là 120/2 = 60 km/h.,"Định luật II Newton có dạng F = ma, trong đó F là hợp lực, m là khối lượng và a là gia tốc.",C,Vận tốc trung bình là 120/2 = 60 km/h.
36,Hóa học,THCS,Dễ,Em hãy giải thích: Nước có công thức hóa học là gì?,"Nguyên tử gồm hạt nhân chứa proton và neutron, cùng các electron chuyển động xung quanh hạt nhân.",Nước có công thức hóa học là H₂O.,Phản ứng hóa học là quá trình trong đó các chất ban đầu biến đổi thành những chất mới.,pH của dung dịch trung tính ở 25°C xấp xỉ bằng 7.,B,Nước có công thức hóa học là H₂O.
37,Địa lý,THPT,Trung bình,Em hãy giải thích: Cơ cấu kinh tế gồm những khu vực chính nào?,"Vì tài nguyên và môi trường là nền tảng của phát triển lâu dài; khai thác thiếu kiểm soát có thể làm suy giảm tài nguyên, tăng ô nhiễm và gây chi phí xã hội lớn.",Miền Bắc chịu ảnh hưởng rõ hơn của gió mùa Đông Bắc và có vị trí vĩ độ cao hơn nên mùa đông lạnh hơn miền Nam.,Thủ đô của Việt Nam là Hà Nội.,"Cơ cấu kinh tế thường được phân theo khu vực nông, lâm, ngư nghiệp; công nghiệp và xây dựng; dịch vụ.",D,"Cơ cấu kinh tế thường được phân theo khu vực nông, lâm, ngư nghiệp; công nghiệp và xây dựng; dịch vụ."
38,Địa lý,THCS,Trung bình,Vì sao miền Bắc Việt Nam có mùa đông lạnh hơn miền Nam?,"Đô thị hóa thúc đẩy phát triển kinh tế và dịch vụ nhưng cũng có thể gây áp lực lên giao thông, nhà ở, môi trường và hạ tầng.",Miền Bắc chịu ảnh hưởng rõ hơn của gió mùa Đông Bắc và có vị trí vĩ độ cao hơn nên mùa đông lạnh hơn miền Nam.,Thủ đô của Việt Nam là Hà Nội.,Việt Nam nằm ở khu vực Đông Nam Á.,B,Miền Bắc chịu ảnh hưởng rõ hơn của gió mùa Đông Bắc và có vị trí vĩ độ cao hơn nên mùa đông lạnh hơn miền Nam.
39,Lịch sử,THPT,Dễ,Chiến tranh thế giới thứ hai kết thúc vào năm nào?,Chủ tịch Hồ Chí Minh đọc Tuyên ngôn Độc lập.,"Toàn cầu hóa tăng cường liên kết và trao đổi kinh tế, công nghệ, văn hóa giữa các quốc gia nhưng cũng tạo ra cạnh tranh và nhiều thách thức về bất bình đẳng, môi trường và khả năng thích ứng.",Chiến tranh thế giới thứ hai kết thúc vào năm 1945.,"Một mục tiêu lớn là duy trì hòa bình và an ninh quốc tế, đồng thời thúc đẩy hợp tác giữa các quốc gia.",C,Chiến tranh thế giới thứ hai kết thúc vào năm 1945.
40,Địa lý,THPT,Khó,Em hãy giải thích: Vì sao phát triển kinh tế cần gắn với bảo vệ môi trường?,Khí hậu Việt Nam nhìn chung mang tính chất nhiệt đới gió mùa.,Thủ đô của Việt Nam là Hà Nội.,"Đô thị hóa thúc đẩy phát triển kinh tế và dịch vụ nhưng cũng có thể gây áp lực lên giao thông, nhà ở, môi trường và hạ tầng.","Vì tài nguyên và môi trường là nền tảng của phát triển lâu dài; khai thác thiếu kiểm soát có thể làm suy giảm tài nguyên, tăng ô nhiễm và gây chi phí xã hội lớn.",D,"Vì tài nguyên và môi trường là nền tảng của phát triển lâu dài; khai thác thiếu kiểm soát có thể làm suy giảm tài nguyên, tăng ô nhiễm và gây chi phí xã hội lớn."
41,Tiếng Anh,THCS,Dễ,Thì hiện tại đơn thường được dùng trong trường hợp nào?,"Thì hiện tại đơn thường diễn tả thói quen, sự thật hiển nhiên hoặc những việc thường xuyên xảy ra.",She doesn't like apples.,"'Few' mang nghĩa gần như không có hoặc số lượng rất ít; 'a few' nghĩa là có một vài, nhấn mạnh rằng vẫn có một số lượng nhất định.","Cấu trúc cơ bản là chủ ngữ mới + be + past participle (V3), với thì của động từ be phù hợp.",A,"Thì hiện tại đơn thường diễn tả thói quen, sự thật hiển nhiên hoặc những việc thường xuyên xảy ra."
42,Địa lý,THCS,Trung bình,Em hãy giải thích: Vì sao miền Bắc Việt Nam có mùa đông lạnh hơn miền Nam?,"Đô thị hóa thúc đẩy phát triển kinh tế và dịch vụ nhưng cũng có thể gây áp lực lên giao thông, nhà ở, môi trường và hạ tầng.",Miền Bắc chịu ảnh hưởng rõ hơn của gió mùa Đông Bắc và có vị trí vĩ độ cao hơn nên mùa đông lạnh hơn miền Nam.,GDP là tổng giá trị thị trường của hàng hóa và dịch vụ cuối cùng được sản xuất trong phạm vi một nền kinh tế trong một khoảng thời gian nhất định.,Thủ đô của Việt Nam là Hà Nội.,B,Miền Bắc chịu ảnh hưởng rõ hơn của gió mùa Đông Bắc và có vị trí vĩ độ cao hơn nên mùa đông lạnh hơn miền Nam.
43,Giáo dục kinh tế & pháp luật,THPT,Khó,Vì sao lạm phát cao có thể gây khó khăn cho nền kinh tế?,"Cấu trúc cơ bản là chủ ngữ mới + be + past participle (V3), với thì của động từ be phù hợp.",Cầu là lượng hàng hóa hoặc dịch vụ người mua có khả năng và sẵn sàng mua ở các mức giá khác nhau; cung là lượng hàng hóa hoặc dịch vụ người bán có khả năng và sẵn sàng cung ứng.,"Lạm phát là tình trạng mức giá chung của hàng hóa và dịch vụ tăng lên một cách kéo dài, làm giảm sức mua của đồng tiền.","Lạm phát cao làm giảm sức mua, gây khó khăn cho việc lập kế hoạch chi tiêu và đầu tư, đồng thời có thể làm tăng bất ổn kinh tế nếu kéo dài.",D,"Lạm phát cao làm giảm sức mua, gây khó khăn cho việc lập kế hoạch chi tiêu và đầu tư, đồng thời có thể làm tăng bất ổn kinh tế nếu kéo dài."
44,Toán,THCS,Dễ,Em hãy giải thích: Số nguyên là gì?,Có 16 học sinh nữ và 16 học sinh nam.,Chu vi là 6 × 4 = 24 cm.,7 nhân 8 bằng 56.,"Số nguyên gồm các số nguyên âm, số 0 và các số nguyên dương.",D,"Số nguyên gồm các số nguyên âm, số 0 và các số nguyên dương."
45,Sinh học,THCS,Trung bình,Quang hợp là gì?,"Quang hợp là quá trình thực vật sử dụng năng lượng ánh sáng để tổng hợp chất hữu cơ từ carbon dioxide và nước, đồng thời giải phóng oxygen.","Đột biến gen là sự biến đổi trong trình tự nucleotide của gen, có thể tạo ra alen mới và có những tác động khác nhau đến sinh vật.",Gen là một đoạn DNA mang thông tin quy định một sản phẩm chức năng hoặc tham gia quy định một tính trạng theo cơ chế di truyền.,DNA là phân tử mang và lưu trữ thông tin di truyền ở hầu hết sinh vật.,A,"Quang hợp là quá trình thực vật sử dụng năng lượng ánh sáng để tổng hợp chất hữu cơ từ carbon dioxide và nước, đồng thời giải phóng oxygen."
46,Giáo dục kinh tế & pháp luật,THPT,Dễ,Cung và cầu là gì?,Cầu là lượng hàng hóa hoặc dịch vụ người mua có khả năng và sẵn sàng mua ở các mức giá khác nhau; cung là lượng hàng hóa hoặc dịch vụ người bán có khả năng và sẵn sàng cung ứng.,"Đơn vị của lực là niutơn, ký hiệu N.","Lạm phát cao làm giảm sức mua, gây khó khăn cho việc lập kế hoạch chi tiêu và đầu tư, đồng thời có thể làm tăng bất ổn kinh tế nếu kéo dài.","Lạm phát là tình trạng mức giá chung của hàng hóa và dịch vụ tăng lên một cách kéo dài, làm giảm sức mua của đồng tiền.",A,Cầu là lượng hàng hóa hoặc dịch vụ người mua có khả năng và sẵn sàng mua ở các mức giá khác nhau; cung là lượng hàng hóa hoặc dịch vụ người bán có khả năng và sẵn sàng cung ứng.
47,Toán,THCS,Khó,Một tam giác vuông có hai cạnh góc vuông dài 6 cm và 8 cm. Cạnh huyền dài bao nhiêu?,"Theo định lý Pythagore, cạnh huyền bằng √(6² + 8²) = 10 cm.",Chu vi là 6 × 4 = 24 cm.,7 nhân 8 bằng 56.,Giá trị tích phân là [x²] từ 0 đến 1 = 1.,A,"Theo định lý Pythagore, cạnh huyền bằng √(6² + 8²) = 10 cm."
48,Ngữ văn,THPT,Khó,"Em hãy giải thích: Tác dụng của việc kết hợp tự sự, miêu tả và biểu cảm trong văn bản là gì?","Ẩn dụ là biện pháp tu từ gọi tên sự vật, hiện tượng này bằng tên của sự vật, hiện tượng khác dựa trên nét tương đồng.",Hoán dụ là biện pháp tu từ gọi tên sự vật này bằng tên sự vật khác có quan hệ gần gũi với nó.,"Sự kết hợp giúp văn bản vừa có diễn biến và thông tin, vừa tạo hình ảnh sinh động và bộc lộ cảm xúc, làm tăng sức thuyết phục và hấp dẫn.",Đề tài là phạm vi hiện thực được tác phẩm phản ánh; chủ đề là vấn đề hoặc tư tưởng trọng tâm mà tác phẩm muốn làm nổi bật.,C,"Sự kết hợp giúp văn bản vừa có diễn biến và thông tin, vừa tạo hình ảnh sinh động và bộc lộ cảm xúc, làm tăng sức thuyết phục và hấp dẫn."
49,Hóa học,THPT,Khó,Hãy cho biết Cân bằng hóa học là gì?,Phản ứng hóa học là quá trình trong đó các chất ban đầu biến đổi thành những chất mới.,"Cân bằng hóa học là trạng thái của phản ứng thuận nghịch khi tốc độ phản ứng thuận bằng tốc độ phản ứng nghịch, khiến nồng độ các chất không đổi theo thời gian ở điều kiện xác định.","Nguyên tử gồm hạt nhân chứa proton và neutron, cùng các electron chuyển động xung quanh hạt nhân.",Nước có công thức hóa học là H₂O.,B,"Cân bằng hóa học là trạng thái của phản ứng thuận nghịch khi tốc độ phản ứng thuận bằng tốc độ phản ứng nghịch, khiến nồng độ các chất không đổi theo thời gian ở điều kiện xác định."
50,Khoa học,Tiểu học,Dễ,Con người cần những gì để sống?,"Rửa tay giúp loại bỏ nhiều vi sinh vật và chất bẩn, từ đó giảm nguy cơ đưa mầm bệnh vào cơ thể.","Số nguyên gồm các số nguyên âm, số 0 và các số nguyên dương.",Vì cơ thể cần nhiều nhóm chất dinh dưỡng khác nhau để tăng trưởng và hoạt động.,"Con người cần không khí, nước, thức ăn và các điều kiện sống phù hợp.",D,"Con người cần không khí, nước, thức ăn và các điều kiện sống phù hợp."
51,Vật lý,THPT,Khó,Hãy cho biết Một vật khối lượng 2 kg chuyển động với vận tốc 3 m/s. Động năng của vật bằng bao nhiêu?,Vận tốc được tính bằng quãng đường chia cho thời gian: v = s/t.,"Định luật II Newton có dạng F = ma, trong đó F là hợp lực, m là khối lượng và a là gia tốc.",Động năng là 1/2 × 2 × 3² = 9 J.,"Đơn vị của lực là niutơn, ký hiệu N.",C,Động năng là 1/2 × 2 × 3² = 9 J.
52,Lịch sử,THPT,Trung bình,Liên Hợp Quốc được thành lập nhằm mục tiêu lớn nào?,Chiến thắng Điện Biên Phủ diễn ra năm 1954.,"Một mục tiêu lớn là duy trì hòa bình và an ninh quốc tế, đồng thời thúc đẩy hợp tác giữa các quốc gia.","Toàn cầu hóa tăng cường liên kết và trao đổi kinh tế, công nghệ, văn hóa giữa các quốc gia nhưng cũng tạo ra cạnh tranh và nhiều thách thức về bất bình đẳng, môi trường và khả năng thích ứng.",Ngày Quốc khánh Việt Nam là ngày 2 tháng 9.,B,"Một mục tiêu lớn là duy trì hòa bình và an ninh quốc tế, đồng thời thúc đẩy hợp tác giữa các quốc gia."
53,Hóa học,THCS,Dễ,Hãy cho biết Nước có công thức hóa học là gì?,Nước có công thức hóa học là H₂O.,pH của dung dịch trung tính ở 25°C xấp xỉ bằng 7.,"Chất xúc tác làm thay đổi tốc độ phản ứng, thường bằng cách cung cấp con đường phản ứng có năng lượng hoạt hóa thấp hơn, và không bị tiêu hao sau phản ứng.","Nguyên tử gồm hạt nhân chứa proton và neutron, cùng các electron chuyển động xung quanh hạt nhân.",A,Nước có công thức hóa học là H₂O.
54,Tiếng Anh,THCS,Trung bình,Đổi câu 'They are playing football.' sang câu phủ định.,'Book' nghĩa là 'quyển sách'.,They are not playing football.,She doesn't like apples.,"Thì hiện tại đơn thường diễn tả thói quen, sự thật hiển nhiên hoặc những việc thường xuyên xảy ra.",B,They are not playing football.
55,Hóa học,THPT,Trung bình,Em hãy giải thích: Chất xúc tác có vai trò gì trong phản ứng hóa học?,Nước có công thức hóa học là H₂O.,Phản ứng hóa học là quá trình trong đó các chất ban đầu biến đổi thành những chất mới.,"Chất xúc tác làm thay đổi tốc độ phản ứng, thường bằng cách cung cấp con đường phản ứng có năng lượng hoạt hóa thấp hơn, và không bị tiêu hao sau phản ứng.","Nguyên tử gồm hạt nhân chứa proton và neutron, cùng các electron chuyển động xung quanh hạt nhân.",C,"Chất xúc tác làm thay đổi tốc độ phản ứng, thường bằng cách cung cấp con đường phản ứng có năng lượng hoạt hóa thấp hơn, và không bị tiêu hao sau phản ứng."
56,Tiếng Anh,Tiểu học,Dễ,Hãy cho biết Từ 'book' nghĩa là gì?,'Book' nghĩa là 'quyển sách'.,Từ thích hợp là 'am'.,Câu điều kiện loại 1 thường diễn tả một điều kiện có khả năng xảy ra ở hiện tại hoặc tương lai và kết quả có thể xảy ra.,They are not playing football.,A,'Book' nghĩa là 'quyển sách'.
57,Địa lý,THCS,Dễ,Khí hậu Việt Nam mang tính chất gì nổi bật?,Thủ đô của Việt Nam là Hà Nội.,Miền Bắc chịu ảnh hưởng rõ hơn của gió mùa Đông Bắc và có vị trí vĩ độ cao hơn nên mùa đông lạnh hơn miền Nam.,Khí hậu Việt Nam nhìn chung mang tính chất nhiệt đới gió mùa.,GDP là tổng giá trị thị trường của hàng hóa và dịch vụ cuối cùng được sản xuất trong phạm vi một nền kinh tế trong một khoảng thời gian nhất định.,C,Khí hậu Việt Nam nhìn chung mang tính chất nhiệt đới gió mùa.
58,Toán,Tiểu học,Khó,"Một lớp có 32 học sinh, số học sinh nữ bằng một nửa số học sinh cả lớp. Có bao nhiêu học sinh nam?",Có 16 học sinh nữ và 16 học sinh nam.,53 lớn hơn 35.,Còn lại 29 quyển vở.,x = 4.,A,Có 16 học sinh nữ và 16 học sinh nam.
59,Hóa học,THCS,Dễ,Nước có công thức hóa học là gì?,"Cân bằng hóa học là trạng thái của phản ứng thuận nghịch khi tốc độ phản ứng thuận bằng tốc độ phản ứng nghịch, khiến nồng độ các chất không đổi theo thời gian ở điều kiện xác định.","Chất xúc tác làm thay đổi tốc độ phản ứng, thường bằng cách cung cấp con đường phản ứng có năng lượng hoạt hóa thấp hơn, và không bị tiêu hao sau phản ứng.",pH của dung dịch trung tính ở 25°C xấp xỉ bằng 7.,Nước có công thức hóa học là H₂O.,D,Nước có công thức hóa học là H₂O.
60,Vật lý,THPT,Khó,Một vật khối lượng 2 kg chuyển động với vận tốc 3 m/s. Động năng của vật bằng bao nhiêu?,"Định luật II Newton có dạng F = ma, trong đó F là hợp lực, m là khối lượng và a là gia tốc.",Động năng được tính bằng Wđ = 1/2 mv².,Vận tốc được tính bằng quãng đường chia cho thời gian: v = s/t.,Động năng là 1/2 × 2 × 3² = 9 J.,D,Động năng là 1/2 × 2 × 3² = 9 J.
61,Sinh học,THPT,Trung bình,Hãy cho biết Gen là gì?,Hô hấp tế bào giải phóng năng lượng từ chất hữu cơ để cung cấp năng lượng cho các hoạt động sống của tế bào.,Tế bào là đơn vị cấu tạo và chức năng cơ bản của cơ thể sống.,Gen là một đoạn DNA mang thông tin quy định một sản phẩm chức năng hoặc tham gia quy định một tính trạng theo cơ chế di truyền.,"Quang hợp là quá trình thực vật sử dụng năng lượng ánh sáng để tổng hợp chất hữu cơ từ carbon dioxide và nước, đồng thời giải phóng oxygen.",C,Gen là một đoạn DNA mang thông tin quy định một sản phẩm chức năng hoặc tham gia quy định một tính trạng theo cơ chế di truyền.
62,Sinh học,THPT,Khó,Đột biến gen là gì?,Hô hấp tế bào giải phóng năng lượng từ chất hữu cơ để cung cấp năng lượng cho các hoạt động sống của tế bào.,Tế bào là đơn vị cấu tạo và chức năng cơ bản của cơ thể sống.,Gen là một đoạn DNA mang thông tin quy định một sản phẩm chức năng hoặc tham gia quy định một tính trạng theo cơ chế di truyền.,"Đột biến gen là sự biến đổi trong trình tự nucleotide của gen, có thể tạo ra alen mới và có những tác động khác nhau đến sinh vật.",D,"Đột biến gen là sự biến đổi trong trình tự nucleotide của gen, có thể tạo ra alen mới và có những tác động khác nhau đến sinh vật."
63,Địa lý,Tiểu học,Dễ,Thủ đô của Việt Nam là thành phố nào?,"Vì tài nguyên và môi trường là nền tảng của phát triển lâu dài; khai thác thiếu kiểm soát có thể làm suy giảm tài nguyên, tăng ô nhiễm và gây chi phí xã hội lớn.",GDP là tổng giá trị thị trường của hàng hóa và dịch vụ cuối cùng được sản xuất trong phạm vi một nền kinh tế trong một khoảng thời gian nhất định.,Thủ đô của Việt Nam là Hà Nội.,"Cơ cấu kinh tế thường được phân theo khu vực nông, lâm, ngư nghiệp; công nghiệp và xây dựng; dịch vụ.",C,Thủ đô của Việt Nam là Hà Nội.
64,GDCD,THCS,Trung bình,Em hãy giải thích: Vì sao công dân cần tuân thủ pháp luật?,Pháp luật là hệ thống các quy tắc xử sự chung do Nhà nước ban hành hoặc thừa nhận và bảo đảm thực hiện.,"Chuột dùng để điều khiển con trỏ và thực hiện các thao tác như nhấp, kéo và chọn.","'Few' mang nghĩa gần như không có hoặc số lượng rất ít; 'a few' nghĩa là có một vài, nhấn mạnh rằng vẫn có một số lượng nhất định.","Tuân thủ pháp luật giúp bảo đảm trật tự xã hội, bảo vệ quyền lợi hợp pháp và thực hiện trách nhiệm của công dân.",D,"Tuân thủ pháp luật giúp bảo đảm trật tự xã hội, bảo vệ quyền lợi hợp pháp và thực hiện trách nhiệm của công dân."
65,Tiếng Anh,Tiểu học,Khó,Đổi câu 'She likes apples.' sang câu phủ định.,"Cấu trúc cơ bản là chủ ngữ mới + be + past participle (V3), với thì của động từ be phù hợp.","Thì hiện tại đơn thường diễn tả thói quen, sự thật hiển nhiên hoặc những việc thường xuyên xảy ra.",She doesn't like apples.,Câu điều kiện loại 1 thường diễn tả một điều kiện có khả năng xảy ra ở hiện tại hoặc tương lai và kết quả có thể xảy ra.,C,She doesn't like apples.
66,Vật lý,THCS,Trung bình,Em hãy giải thích: Công thức tính vận tốc là gì?,Vận tốc được tính bằng quãng đường chia cho thời gian: v = s/t.,Vận tốc trung bình là 120/2 = 60 km/h.,Động năng được tính bằng Wđ = 1/2 mv².,"Định luật II Newton có dạng F = ma, trong đó F là hợp lực, m là khối lượng và a là gia tốc.",A,Vận tốc được tính bằng quãng đường chia cho thời gian: v = s/t.
67,Sinh học,THPT,Dễ,Hãy cho biết DNA là gì?,"Đột biến gen là sự biến đổi trong trình tự nucleotide của gen, có thể tạo ra alen mới và có những tác động khác nhau đến sinh vật.","Quang hợp là quá trình thực vật sử dụng năng lượng ánh sáng để tổng hợp chất hữu cơ từ carbon dioxide và nước, đồng thời giải phóng oxygen.",Gen là một đoạn DNA mang thông tin quy định một sản phẩm chức năng hoặc tham gia quy định một tính trạng theo cơ chế di truyền.,DNA là phân tử mang và lưu trữ thông tin di truyền ở hầu hết sinh vật.,D,DNA là phân tử mang và lưu trữ thông tin di truyền ở hầu hết sinh vật.
68,Toán,Tiểu học,Dễ,Số nào lớn hơn: 35 hay 53?,"Số nguyên gồm các số nguyên âm, số 0 và các số nguyên dương.",Có 16 học sinh nữ và 16 học sinh nam.,53 lớn hơn 35.,Chu vi là 6 × 4 = 24 cm.,C,53 lớn hơn 35.
69,Địa lý,Tiểu học,Dễ,Hãy cho biết Thủ đô của Việt Nam là thành phố nào?,"Vì tài nguyên và môi trường là nền tảng của phát triển lâu dài; khai thác thiếu kiểm soát có thể làm suy giảm tài nguyên, tăng ô nhiễm và gây chi phí xã hội lớn.","Đô thị hóa thúc đẩy phát triển kinh tế và dịch vụ nhưng cũng có thể gây áp lực lên giao thông, nhà ở, môi trường và hạ tầng.",Khí hậu Việt Nam nhìn chung mang tính chất nhiệt đới gió mùa.,Thủ đô của Việt Nam là Hà Nội.,D,Thủ đô của Việt Nam là Hà Nội.
70,Sinh học,THPT,Dễ,DNA là gì?,Tế bào là đơn vị cấu tạo và chức năng cơ bản của cơ thể sống.,Gen là một đoạn DNA mang thông tin quy định một sản phẩm chức năng hoặc tham gia quy định một tính trạng theo cơ chế di truyền.,"Quang hợp là quá trình thực vật sử dụng năng lượng ánh sáng để tổng hợp chất hữu cơ từ carbon dioxide và nước, đồng thời giải phóng oxygen.",DNA là phân tử mang và lưu trữ thông tin di truyền ở hầu hết sinh vật.,D,DNA là phân tử mang và lưu trữ thông tin di truyền ở hầu hết sinh vật.
71,GDCD,THCS,Dễ,Pháp luật là gì?,"Tuân thủ pháp luật giúp bảo đảm trật tự xã hội, bảo vệ quyền lợi hợp pháp và thực hiện trách nhiệm của công dân.",Vận tốc được tính bằng quãng đường chia cho thời gian: v = s/t.,"Đô thị hóa thúc đẩy phát triển kinh tế và dịch vụ nhưng cũng có thể gây áp lực lên giao thông, nhà ở, môi trường và hạ tầng.",Pháp luật là hệ thống các quy tắc xử sự chung do Nhà nước ban hành hoặc thừa nhận và bảo đảm thực hiện.,D,Pháp luật là hệ thống các quy tắc xử sự chung do Nhà nước ban hành hoặc thừa nhận và bảo đảm thực hiện.
72,Tiếng Anh,Tiểu học,Trung bình,Hãy cho biết Điền từ thích hợp: 'I ___ a student.'?,Từ thích hợp là 'am'.,"'Few' mang nghĩa gần như không có hoặc số lượng rất ít; 'a few' nghĩa là có một vài, nhấn mạnh rằng vẫn có một số lượng nhất định.","Thì hiện tại đơn thường diễn tả thói quen, sự thật hiển nhiên hoặc những việc thường xuyên xảy ra.",'Book' nghĩa là 'quyển sách'.,A,Từ thích hợp là 'am'.
73,Tiếng Anh,THCS,Khó,Khi nào thường dùng thì hiện tại hoàn thành?,Từ thích hợp là 'am'.,"Thì hiện tại hoàn thành thường dùng để nói về hành động đã xảy ra trong quá khứ nhưng có liên hệ với hiện tại, hoặc kinh nghiệm và hành động kéo dài đến hiện tại.",They are not playing football.,She doesn't like apples.,B,"Thì hiện tại hoàn thành thường dùng để nói về hành động đã xảy ra trong quá khứ nhưng có liên hệ với hiện tại, hoặc kinh nghiệm và hành động kéo dài đến hiện tại."
74,Lịch sử,THCS,Khó,Vì sao Cách mạng tháng Tám năm 1945 có thể giành thắng lợi nhanh chóng?,"Một mục tiêu lớn là duy trì hòa bình và an ninh quốc tế, đồng thời thúc đẩy hợp tác giữa các quốc gia.",Cách mạng tháng Tám đã giành chính quyền trên cả nước và dẫn tới sự ra đời của nước Việt Nam Dân chủ Cộng hòa.,Chủ tịch Hồ Chí Minh đọc Tuyên ngôn Độc lập.,"Thắng lợi có nhiều nguyên nhân, trong đó có sự lãnh đạo của lực lượng cách mạng, quá trình chuẩn bị lâu dài, sức mạnh quần chúng và thời cơ thuận lợi khi Nhật đầu hàng Đồng minh.",D,"Thắng lợi có nhiều nguyên nhân, trong đó có sự lãnh đạo của lực lượng cách mạng, quá trình chuẩn bị lâu dài, sức mạnh quần chúng và thời cơ thuận lợi khi Nhật đầu hàng Đồng minh."
75,Ngữ văn,THCS,Khó,Em hãy giải thích: Phân biệt chủ đề và đề tài của một tác phẩm văn học.?,Đề tài là phạm vi hiện thực được tác phẩm phản ánh; chủ đề là vấn đề hoặc tư tưởng trọng tâm mà tác phẩm muốn làm nổi bật.,"Ẩn dụ là biện pháp tu từ gọi tên sự vật, hiện tượng này bằng tên của sự vật, hiện tượng khác dựa trên nét tương đồng.","Sự kết hợp giúp văn bản vừa có diễn biến và thông tin, vừa tạo hình ảnh sinh động và bộc lộ cảm xúc, làm tăng sức thuyết phục và hấp dẫn.",Luận điểm là ý kiến hoặc quan điểm chính mà người viết đưa ra để làm rõ vấn đề nghị luận.,A,Đề tài là phạm vi hiện thực được tác phẩm phản ánh; chủ đề là vấn đề hoặc tư tưởng trọng tâm mà tác phẩm muốn làm nổi bật.
76,Ngữ văn,THCS,Khó,Phân biệt chủ đề và đề tài của một tác phẩm văn học.,Hoán dụ là biện pháp tu từ gọi tên sự vật này bằng tên sự vật khác có quan hệ gần gũi với nó.,Nghị luận xã hội là kiểu bài dùng lập luận và bằng chứng để bàn luận về một vấn đề thuộc đời sống xã hội.,Đề tài là phạm vi hiện thực được tác phẩm phản ánh; chủ đề là vấn đề hoặc tư tưởng trọng tâm mà tác phẩm muốn làm nổi bật.,Luận điểm là ý kiến hoặc quan điểm chính mà người viết đưa ra để làm rõ vấn đề nghị luận.,C,Đề tài là phạm vi hiện thực được tác phẩm phản ánh; chủ đề là vấn đề hoặc tư tưởng trọng tâm mà tác phẩm muốn làm nổi bật.
77,Ngữ văn,THCS,Dễ,Ẩn dụ là gì?,"Sự kết hợp giúp văn bản vừa có diễn biến và thông tin, vừa tạo hình ảnh sinh động và bộc lộ cảm xúc, làm tăng sức thuyết phục và hấp dẫn.",Đề tài là phạm vi hiện thực được tác phẩm phản ánh; chủ đề là vấn đề hoặc tư tưởng trọng tâm mà tác phẩm muốn làm nổi bật.,"Ẩn dụ là biện pháp tu từ gọi tên sự vật, hiện tượng này bằng tên của sự vật, hiện tượng khác dựa trên nét tương đồng.",Hoán dụ là biện pháp tu từ gọi tên sự vật này bằng tên sự vật khác có quan hệ gần gũi với nó.,C,"Ẩn dụ là biện pháp tu từ gọi tên sự vật, hiện tượng này bằng tên của sự vật, hiện tượng khác dựa trên nét tương đồng."
78,Toán,Tiểu học,Dễ,Em hãy giải thích: 7 nhân 8 bằng bao nhiêu?,7 nhân 8 bằng 56.,f'(x)=2x.,"Số nguyên gồm các số nguyên âm, số 0 và các số nguyên dương.",Còn lại 29 quyển vở.,A,7 nhân 8 bằng 56.
79,Lịch sử,THCS,Trung bình,Cách mạng tháng Tám năm 1945 có ý nghĩa gì đối với Việt Nam?,"Thắng lợi có nhiều nguyên nhân, trong đó có sự lãnh đạo của lực lượng cách mạng, quá trình chuẩn bị lâu dài, sức mạnh quần chúng và thời cơ thuận lợi khi Nhật đầu hàng Đồng minh.",Ngày Quốc khánh Việt Nam là ngày 2 tháng 9.,Cách mạng tháng Tám đã giành chính quyền trên cả nước và dẫn tới sự ra đời của nước Việt Nam Dân chủ Cộng hòa.,"Một mục tiêu lớn là duy trì hòa bình và an ninh quốc tế, đồng thời thúc đẩy hợp tác giữa các quốc gia.",C,Cách mạng tháng Tám đã giành chính quyền trên cả nước và dẫn tới sự ra đời của nước Việt Nam Dân chủ Cộng hòa.
80,GDCD,THCS,Dễ,Hãy cho biết Pháp luật là gì?,Pháp luật là hệ thống các quy tắc xử sự chung do Nhà nước ban hành hoặc thừa nhận và bảo đảm thực hiện.,"Tuân thủ pháp luật giúp bảo đảm trật tự xã hội, bảo vệ quyền lợi hợp pháp và thực hiện trách nhiệm của công dân.",Hô hấp tế bào giải phóng năng lượng từ chất hữu cơ để cung cấp năng lượng cho các hoạt động sống của tế bào.,Vận tốc được tính bằng quãng đường chia cho thời gian: v = s/t.,A,Pháp luật là hệ thống các quy tắc xử sự chung do Nhà nước ban hành hoặc thừa nhận và bảo đảm thực hiện.
81,Tiếng Anh,THPT,Khó,Em hãy giải thích: Phân biệt 'few' và 'a few'.?,Từ thích hợp là 'am'.,'Book' nghĩa là 'quyển sách'.,"'Few' mang nghĩa gần như không có hoặc số lượng rất ít; 'a few' nghĩa là có một vài, nhấn mạnh rằng vẫn có một số lượng nhất định.","Thì hiện tại hoàn thành thường dùng để nói về hành động đã xảy ra trong quá khứ nhưng có liên hệ với hiện tại, hoặc kinh nghiệm và hành động kéo dài đến hiện tại.",C,"'Few' mang nghĩa gần như không có hoặc số lượng rất ít; 'a few' nghĩa là có một vài, nhấn mạnh rằng vẫn có một số lượng nhất định."
82,Tin học,THCS,Dễ,Hãy cho biết Thuật toán là gì?,"Mật khẩu mạnh nên đủ dài, khó đoán và kết hợp nhiều loại ký tự; không nên dùng thông tin cá nhân dễ đoán.","Kiểm tra đầu vào giúp phát hiện dữ liệu không hợp lệ, hạn chế lỗi và làm chương trình hoạt động an toàn, đúng hơn.",Khóa chính dùng để xác định duy nhất mỗi bản ghi trong một bảng và không được trùng giá trị giữa các bản ghi.,Thuật toán là một dãy hữu hạn các bước rõ ràng dùng để giải quyết một bài toán hoặc thực hiện một nhiệm vụ.,D,Thuật toán là một dãy hữu hạn các bước rõ ràng dùng để giải quyết một bài toán hoặc thực hiện một nhiệm vụ.
83,Lịch sử,THPT,Khó,Hãy cho biết Toàn cầu hóa có những tác động chủ yếu nào đối với các quốc gia?,"Thắng lợi có nhiều nguyên nhân, trong đó có sự lãnh đạo của lực lượng cách mạng, quá trình chuẩn bị lâu dài, sức mạnh quần chúng và thời cơ thuận lợi khi Nhật đầu hàng Đồng minh.","Toàn cầu hóa tăng cường liên kết và trao đổi kinh tế, công nghệ, văn hóa giữa các quốc gia nhưng cũng tạo ra cạnh tranh và nhiều thách thức về bất bình đẳng, môi trường và khả năng thích ứng.",Cách mạng tháng Tám đã giành chính quyền trên cả nước và dẫn tới sự ra đời của nước Việt Nam Dân chủ Cộng hòa.,"Một mục tiêu lớn là duy trì hòa bình và an ninh quốc tế, đồng thời thúc đẩy hợp tác giữa các quốc gia.",B,"Toàn cầu hóa tăng cường liên kết và trao đổi kinh tế, công nghệ, văn hóa giữa các quốc gia nhưng cũng tạo ra cạnh tranh và nhiều thách thức về bất bình đẳng, môi trường và khả năng thích ứng."
84,Tin học,THCS,Trung bình,Biến trong chương trình dùng để làm gì?,"Kiểm tra đầu vào giúp phát hiện dữ liệu không hợp lệ, hạn chế lỗi và làm chương trình hoạt động an toàn, đúng hơn.",Biến dùng để lưu trữ dữ liệu trong quá trình chương trình thực hiện và giá trị của biến có thể thay đổi.,Thuật toán là một dãy hữu hạn các bước rõ ràng dùng để giải quyết một bài toán hoặc thực hiện một nhiệm vụ.,"Nó mô tả mức tăng của chi phí tính toán theo kích thước đầu vào n, nhanh hơn O(n²) khi n đủ lớn và thường gặp trong các thuật toán sắp xếp hiệu quả như Merge Sort.",B,Biến dùng để lưu trữ dữ liệu trong quá trình chương trình thực hiện và giá trị của biến có thể thay đổi.
85,Hóa học,THPT,Khó,Em hãy giải thích: Cân bằng hóa học là gì?,Phản ứng hóa học là quá trình trong đó các chất ban đầu biến đổi thành những chất mới.,Nước có công thức hóa học là H₂O.,pH của dung dịch trung tính ở 25°C xấp xỉ bằng 7.,"Cân bằng hóa học là trạng thái của phản ứng thuận nghịch khi tốc độ phản ứng thuận bằng tốc độ phản ứng nghịch, khiến nồng độ các chất không đổi theo thời gian ở điều kiện xác định.",D,"Cân bằng hóa học là trạng thái của phản ứng thuận nghịch khi tốc độ phản ứng thuận bằng tốc độ phản ứng nghịch, khiến nồng độ các chất không đổi theo thời gian ở điều kiện xác định."
86,Hóa học,THPT,Dễ,pH của dung dịch trung tính ở 25°C xấp xỉ bằng bao nhiêu?,Phản ứng hóa học là quá trình trong đó các chất ban đầu biến đổi thành những chất mới.,Nước có công thức hóa học là H₂O.,"Chất xúc tác làm thay đổi tốc độ phản ứng, thường bằng cách cung cấp con đường phản ứng có năng lượng hoạt hóa thấp hơn, và không bị tiêu hao sau phản ứng.",pH của dung dịch trung tính ở 25°C xấp xỉ bằng 7.,D,pH của dung dịch trung tính ở 25°C xấp xỉ bằng 7.
87,Tin học,THPT,Dễ,Cơ sở dữ liệu là gì?,Khóa chính dùng để xác định duy nhất mỗi bản ghi trong một bảng và không được trùng giá trị giữa các bản ghi.,"Cơ sở dữ liệu là tập hợp dữ liệu được tổ chức để lưu trữ, truy cập và quản lý hiệu quả.","Kiểm tra đầu vào giúp phát hiện dữ liệu không hợp lệ, hạn chế lỗi và làm chương trình hoạt động an toàn, đúng hơn.",Biến dùng để lưu trữ dữ liệu trong quá trình chương trình thực hiện và giá trị của biến có thể thay đổi.,B,"Cơ sở dữ liệu là tập hợp dữ liệu được tổ chức để lưu trữ, truy cập và quản lý hiệu quả."
88,Hóa học,THCS,Trung bình,Nguyên tử gồm những thành phần cơ bản nào?,"Cân bằng hóa học là trạng thái của phản ứng thuận nghịch khi tốc độ phản ứng thuận bằng tốc độ phản ứng nghịch, khiến nồng độ các chất không đổi theo thời gian ở điều kiện xác định.","Nguyên tử gồm hạt nhân chứa proton và neutron, cùng các electron chuyển động xung quanh hạt nhân.",pH của dung dịch trung tính ở 25°C xấp xỉ bằng 7.,Phản ứng hóa học là quá trình trong đó các chất ban đầu biến đổi thành những chất mới.,B,"Nguyên tử gồm hạt nhân chứa proton và neutron, cùng các electron chuyển động xung quanh hạt nhân."
89,Ngữ văn,THPT,Dễ,Em hãy giải thích: Nghị luận xã hội là kiểu bài gì?,Hoán dụ là biện pháp tu từ gọi tên sự vật này bằng tên sự vật khác có quan hệ gần gũi với nó.,Đề tài là phạm vi hiện thực được tác phẩm phản ánh; chủ đề là vấn đề hoặc tư tưởng trọng tâm mà tác phẩm muốn làm nổi bật.,"Ẩn dụ là biện pháp tu từ gọi tên sự vật, hiện tượng này bằng tên của sự vật, hiện tượng khác dựa trên nét tương đồng.",Nghị luận xã hội là kiểu bài dùng lập luận và bằng chứng để bàn luận về một vấn đề thuộc đời sống xã hội.,D,Nghị luận xã hội là kiểu bài dùng lập luận và bằng chứng để bàn luận về một vấn đề thuộc đời sống xã hội.
90,Toán,THPT,Dễ,Em hãy giải thích: Đạo hàm của hàm số f(x)=x² là gì?,x = 4.,f'(x)=2x.,"Số nguyên gồm các số nguyên âm, số 0 và các số nguyên dương.",Còn lại 29 quyển vở.,B,f'(x)=2x.
91,Toán,THCS,Trung bình,Hãy cho biết Giải phương trình 2x + 5 = 13.?,Có 16 học sinh nữ và 16 học sinh nam.,Chu vi là 6 × 4 = 24 cm.,x = 4.,Giá trị tích phân là [x²] từ 0 đến 1 = 1.,C,x = 4.
92,Hóa học,THPT,Trung bình,Chất xúc tác có vai trò gì trong phản ứng hóa học?,"Cân bằng hóa học là trạng thái của phản ứng thuận nghịch khi tốc độ phản ứng thuận bằng tốc độ phản ứng nghịch, khiến nồng độ các chất không đổi theo thời gian ở điều kiện xác định.","Chất xúc tác làm thay đổi tốc độ phản ứng, thường bằng cách cung cấp con đường phản ứng có năng lượng hoạt hóa thấp hơn, và không bị tiêu hao sau phản ứng.",Nước có công thức hóa học là H₂O.,"Nguyên tử gồm hạt nhân chứa proton và neutron, cùng các electron chuyển động xung quanh hạt nhân.",B,"Chất xúc tác làm thay đổi tốc độ phản ứng, thường bằng cách cung cấp con đường phản ứng có năng lượng hoạt hóa thấp hơn, và không bị tiêu hao sau phản ứng."
93,Giáo dục kinh tế & pháp luật,THPT,Dễ,Em hãy giải thích: Cung và cầu là gì?,"Lạm phát là tình trạng mức giá chung của hàng hóa và dịch vụ tăng lên một cách kéo dài, làm giảm sức mua của đồng tiền.","Cơ cấu kinh tế thường được phân theo khu vực nông, lâm, ngư nghiệp; công nghiệp và xây dựng; dịch vụ.","Lạm phát cao làm giảm sức mua, gây khó khăn cho việc lập kế hoạch chi tiêu và đầu tư, đồng thời có thể làm tăng bất ổn kinh tế nếu kéo dài.",Cầu là lượng hàng hóa hoặc dịch vụ người mua có khả năng và sẵn sàng mua ở các mức giá khác nhau; cung là lượng hàng hóa hoặc dịch vụ người bán có khả năng và sẵn sàng cung ứng.,D,Cầu là lượng hàng hóa hoặc dịch vụ người mua có khả năng và sẵn sàng mua ở các mức giá khác nhau; cung là lượng hàng hóa hoặc dịch vụ người bán có khả năng và sẵn sàng cung ứng.
94,Toán,THCS,Trung bình,Em hãy giải thích: Giải phương trình 2x + 5 = 13.?,7 nhân 8 bằng 56.,Chu vi là 6 × 4 = 24 cm.,"Theo định lý Pythagore, cạnh huyền bằng √(6² + 8²) = 10 cm.",x = 4.,D,x = 4.
95,Ngữ văn,THPT,Trung bình,Luận điểm trong bài văn nghị luận là gì?,Đề tài là phạm vi hiện thực được tác phẩm phản ánh; chủ đề là vấn đề hoặc tư tưởng trọng tâm mà tác phẩm muốn làm nổi bật.,"Sự kết hợp giúp văn bản vừa có diễn biến và thông tin, vừa tạo hình ảnh sinh động và bộc lộ cảm xúc, làm tăng sức thuyết phục và hấp dẫn.",Hoán dụ là biện pháp tu từ gọi tên sự vật này bằng tên sự vật khác có quan hệ gần gũi với nó.,Luận điểm là ý kiến hoặc quan điểm chính mà người viết đưa ra để làm rõ vấn đề nghị luận.,D,Luận điểm là ý kiến hoặc quan điểm chính mà người viết đưa ra để làm rõ vấn đề nghị luận.
96,Tiếng Việt,Tiểu học,Dễ,Danh từ là gì?,"Toàn cầu hóa tăng cường liên kết và trao đổi kinh tế, công nghệ, văn hóa giữa các quốc gia nhưng cũng tạo ra cạnh tranh và nhiều thách thức về bất bình đẳng, môi trường và khả năng thích ứng.","'Chăm chỉ' là từ chỉ đặc điểm, tính chất.",Chủ ngữ là 'Những chú chim'.,"Danh từ là từ chỉ người, sự vật, hiện tượng, khái niệm hoặc đơn vị.",D,"Danh từ là từ chỉ người, sự vật, hiện tượng, khái niệm hoặc đơn vị."
97,Hóa học,THCS,Khó,Em hãy giải thích: Phản ứng hóa học là gì?,Phản ứng hóa học là quá trình trong đó các chất ban đầu biến đổi thành những chất mới.,pH của dung dịch trung tính ở 25°C xấp xỉ bằng 7.,"Cân bằng hóa học là trạng thái của phản ứng thuận nghịch khi tốc độ phản ứng thuận bằng tốc độ phản ứng nghịch, khiến nồng độ các chất không đổi theo thời gian ở điều kiện xác định.","Nguyên tử gồm hạt nhân chứa proton và neutron, cùng các electron chuyển động xung quanh hạt nhân.",A,Phản ứng hóa học là quá trình trong đó các chất ban đầu biến đổi thành những chất mới.
98,Tiếng Anh,THCS,Dễ,Hãy cho biết Thì hiện tại đơn thường được dùng trong trường hợp nào?,Từ thích hợp là 'am'.,"Thì hiện tại đơn thường diễn tả thói quen, sự thật hiển nhiên hoặc những việc thường xuyên xảy ra.",They are not playing football.,"'Few' mang nghĩa gần như không có hoặc số lượng rất ít; 'a few' nghĩa là có một vài, nhấn mạnh rằng vẫn có một số lượng nhất định.",B,"Thì hiện tại đơn thường diễn tả thói quen, sự thật hiển nhiên hoặc những việc thường xuyên xảy ra."
99,Toán,THPT,Dễ,Đạo hàm của hàm số f(x)=x² là gì?,f'(x)=2x.,Có 16 học sinh nữ và 16 học sinh nam.,Hai nghiệm là x = 2 và x = 3.,x = 4.,A,f'(x)=2x.
100,Sinh học,THCS,Dễ,Đơn vị cấu tạo cơ bản của cơ thể sống là gì?,"Đột biến gen là sự biến đổi trong trình tự nucleotide của gen, có thể tạo ra alen mới và có những tác động khác nhau đến sinh vật.",DNA là phân tử mang và lưu trữ thông tin di truyền ở hầu hết sinh vật.,Tế bào là đơn vị cấu tạo và chức năng cơ bản của cơ thể sống.,"Quang hợp là quá trình thực vật sử dụng năng lượng ánh sáng để tổng hợp chất hữu cơ từ carbon dioxide và nước, đồng thời giải phóng oxygen.",C,Tế bào là đơn vị cấu tạo và chức năng cơ bản của cơ thể sống.
101,Ngữ văn,THCS,Trung bình,Em hãy giải thích: Hoán dụ là gì?,Luận điểm là ý kiến hoặc quan điểm chính mà người viết đưa ra để làm rõ vấn đề nghị luận.,Hoán dụ là biện pháp tu từ gọi tên sự vật này bằng tên sự vật khác có quan hệ gần gũi với nó.,Nghị luận xã hội là kiểu bài dùng lập luận và bằng chứng để bàn luận về một vấn đề thuộc đời sống xã hội.,"Ẩn dụ là biện pháp tu từ gọi tên sự vật, hiện tượng này bằng tên của sự vật, hiện tượng khác dựa trên nét tương đồng.",B,Hoán dụ là biện pháp tu từ gọi tên sự vật này bằng tên sự vật khác có quan hệ gần gũi với nó.
102,Giáo dục kinh tế & pháp luật,THPT,Trung bình,Lạm phát là gì?,DNA là phân tử mang và lưu trữ thông tin di truyền ở hầu hết sinh vật.,"Lạm phát cao làm giảm sức mua, gây khó khăn cho việc lập kế hoạch chi tiêu và đầu tư, đồng thời có thể làm tăng bất ổn kinh tế nếu kéo dài.","Lạm phát là tình trạng mức giá chung của hàng hóa và dịch vụ tăng lên một cách kéo dài, làm giảm sức mua của đồng tiền.",Cầu là lượng hàng hóa hoặc dịch vụ người mua có khả năng và sẵn sàng mua ở các mức giá khác nhau; cung là lượng hàng hóa hoặc dịch vụ người bán có khả năng và sẵn sàng cung ứng.,C,"Lạm phát là tình trạng mức giá chung của hàng hóa và dịch vụ tăng lên một cách kéo dài, làm giảm sức mua của đồng tiền."
103,Hóa học,THCS,Khó,Phản ứng hóa học là gì?,Phản ứng hóa học là quá trình trong đó các chất ban đầu biến đổi thành những chất mới.,Nước có công thức hóa học là H₂O.,"Cân bằng hóa học là trạng thái của phản ứng thuận nghịch khi tốc độ phản ứng thuận bằng tốc độ phản ứng nghịch, khiến nồng độ các chất không đổi theo thời gian ở điều kiện xác định.",pH của dung dịch trung tính ở 25°C xấp xỉ bằng 7.,A,Phản ứng hóa học là quá trình trong đó các chất ban đầu biến đổi thành những chất mới.
104,Tin học,THCS,Dễ,Thuật toán là gì?,Thuật toán là một dãy hữu hạn các bước rõ ràng dùng để giải quyết một bài toán hoặc thực hiện một nhiệm vụ.,Biến dùng để lưu trữ dữ liệu trong quá trình chương trình thực hiện và giá trị của biến có thể thay đổi.,"Mật khẩu mạnh nên đủ dài, khó đoán và kết hợp nhiều loại ký tự; không nên dùng thông tin cá nhân dễ đoán.","Nó mô tả mức tăng của chi phí tính toán theo kích thước đầu vào n, nhanh hơn O(n²) khi n đủ lớn và thường gặp trong các thuật toán sắp xếp hiệu quả như Merge Sort.",A,Thuật toán là một dãy hữu hạn các bước rõ ràng dùng để giải quyết một bài toán hoặc thực hiện một nhiệm vụ.
105,Tiếng Việt,Tiểu học,Khó,"Trong câu 'Những chú chim đang hót trên cành', chủ ngữ là gì?",Chủ ngữ là 'Những chú chim'.,"'Chăm chỉ' là từ chỉ đặc điểm, tính chất.","Danh từ là từ chỉ người, sự vật, hiện tượng, khái niệm hoặc đơn vị.","Nguyên tử gồm hạt nhân chứa proton và neutron, cùng các electron chuyển động xung quanh hạt nhân.",A,Chủ ngữ là 'Những chú chim'.
106,Địa lý,THCS,Khó,Đô thị hóa có thể tạo ra những tác động nào?,GDP là tổng giá trị thị trường của hàng hóa và dịch vụ cuối cùng được sản xuất trong phạm vi một nền kinh tế trong một khoảng thời gian nhất định.,"Cơ cấu kinh tế thường được phân theo khu vực nông, lâm, ngư nghiệp; công nghiệp và xây dựng; dịch vụ.",Miền Bắc chịu ảnh hưởng rõ hơn của gió mùa Đông Bắc và có vị trí vĩ độ cao hơn nên mùa đông lạnh hơn miền Nam.,"Đô thị hóa thúc đẩy phát triển kinh tế và dịch vụ nhưng cũng có thể gây áp lực lên giao thông, nhà ở, môi trường và hạ tầng.",D,"Đô thị hóa thúc đẩy phát triển kinh tế và dịch vụ nhưng cũng có thể gây áp lực lên giao thông, nhà ở, môi trường và hạ tầng."
107,Địa lý,THPT,Dễ,GDP là gì?,Miền Bắc chịu ảnh hưởng rõ hơn của gió mùa Đông Bắc và có vị trí vĩ độ cao hơn nên mùa đông lạnh hơn miền Nam.,GDP là tổng giá trị thị trường của hàng hóa và dịch vụ cuối cùng được sản xuất trong phạm vi một nền kinh tế trong một khoảng thời gian nhất định.,Khí hậu Việt Nam nhìn chung mang tính chất nhiệt đới gió mùa.,Việt Nam nằm ở khu vực Đông Nam Á.,B,GDP là tổng giá trị thị trường của hàng hóa và dịch vụ cuối cùng được sản xuất trong phạm vi một nền kinh tế trong một khoảng thời gian nhất định.
108,Tin học,THCS,Trung bình,Hãy cho biết Biến trong chương trình dùng để làm gì?,"Cơ sở dữ liệu là tập hợp dữ liệu được tổ chức để lưu trữ, truy cập và quản lý hiệu quả.",Khóa chính dùng để xác định duy nhất mỗi bản ghi trong một bảng và không được trùng giá trị giữa các bản ghi.,Biến dùng để lưu trữ dữ liệu trong quá trình chương trình thực hiện và giá trị của biến có thể thay đổi.,"Chuột dùng để điều khiển con trỏ và thực hiện các thao tác như nhấp, kéo và chọn.",C,Biến dùng để lưu trữ dữ liệu trong quá trình chương trình thực hiện và giá trị của biến có thể thay đổi.
109,Toán,THPT,Dễ,Hãy cho biết Đạo hàm của hàm số f(x)=x² là gì?,53 lớn hơn 35.,f'(x)=2x.,x = 4.,Giá trị tích phân là [x²] từ 0 đến 1 = 1.,B,f'(x)=2x.
110,Địa lý,THPT,Dễ,Em hãy giải thích: GDP là gì?,"Cơ cấu kinh tế thường được phân theo khu vực nông, lâm, ngư nghiệp; công nghiệp và xây dựng; dịch vụ.",Thủ đô của Việt Nam là Hà Nội.,Khí hậu Việt Nam nhìn chung mang tính chất nhiệt đới gió mùa.,GDP là tổng giá trị thị trường của hàng hóa và dịch vụ cuối cùng được sản xuất trong phạm vi một nền kinh tế trong một khoảng thời gian nhất định.,D,GDP là tổng giá trị thị trường của hàng hóa và dịch vụ cuối cùng được sản xuất trong phạm vi một nền kinh tế trong một khoảng thời gian nhất định.
111,Toán,THPT,Trung bình,Hãy cho biết Giải phương trình x² - 5x + 6 = 0.?,x = 4.,"Số nguyên gồm các số nguyên âm, số 0 và các số nguyên dương.","Theo định lý Pythagore, cạnh huyền bằng √(6² + 8²) = 10 cm.",Hai nghiệm là x = 2 và x = 3.,D,Hai nghiệm là x = 2 và x = 3.
112,Vật lý,THPT,Dễ,Em hãy giải thích: Định luật II Newton có biểu thức như thế nào?,Động năng được tính bằng Wđ = 1/2 mv².,Vận tốc được tính bằng quãng đường chia cho thời gian: v = s/t.,Vận tốc trung bình là 120/2 = 60 km/h.,"Định luật II Newton có dạng F = ma, trong đó F là hợp lực, m là khối lượng và a là gia tốc.",D,"Định luật II Newton có dạng F = ma, trong đó F là hợp lực, m là khối lượng và a là gia tốc."
113,Địa lý,THPT,Dễ,Hãy cho biết GDP là gì?,GDP là tổng giá trị thị trường của hàng hóa và dịch vụ cuối cùng được sản xuất trong phạm vi một nền kinh tế trong một khoảng thời gian nhất định.,Miền Bắc chịu ảnh hưởng rõ hơn của gió mùa Đông Bắc và có vị trí vĩ độ cao hơn nên mùa đông lạnh hơn miền Nam.,Thủ đô của Việt Nam là Hà Nội.,"Vì tài nguyên và môi trường là nền tảng của phát triển lâu dài; khai thác thiếu kiểm soát có thể làm suy giảm tài nguyên, tăng ô nhiễm và gây chi phí xã hội lớn.",A,GDP là tổng giá trị thị trường của hàng hóa và dịch vụ cuối cùng được sản xuất trong phạm vi một nền kinh tế trong một khoảng thời gian nhất định.
114,Tiếng Anh,Tiểu học,Dễ,Từ 'book' nghĩa là gì?,"Thì hiện tại hoàn thành thường dùng để nói về hành động đã xảy ra trong quá khứ nhưng có liên hệ với hiện tại, hoặc kinh nghiệm và hành động kéo dài đến hiện tại.",'Book' nghĩa là 'quyển sách'.,They are not playing football.,She doesn't like apples.,B,'Book' nghĩa là 'quyển sách'.
115,Tiếng Anh,THCS,Dễ,Em hãy giải thích: Thì hiện tại đơn thường được dùng trong trường hợp nào?,She doesn't like apples.,Từ thích hợp là 'am'.,"Cấu trúc cơ bản là chủ ngữ mới + be + past participle (V3), với thì của động từ be phù hợp.","Thì hiện tại đơn thường diễn tả thói quen, sự thật hiển nhiên hoặc những việc thường xuyên xảy ra.",D,"Thì hiện tại đơn thường diễn tả thói quen, sự thật hiển nhiên hoặc những việc thường xuyên xảy ra."
116,Khoa học,Tiểu học,Khó,Vì sao cần rửa tay trước khi ăn?,Vì cơ thể cần nhiều nhóm chất dinh dưỡng khác nhau để tăng trưởng và hoạt động.,Biến dùng để lưu trữ dữ liệu trong quá trình chương trình thực hiện và giá trị của biến có thể thay đổi.,"Con người cần không khí, nước, thức ăn và các điều kiện sống phù hợp.","Rửa tay giúp loại bỏ nhiều vi sinh vật và chất bẩn, từ đó giảm nguy cơ đưa mầm bệnh vào cơ thể.",D,"Rửa tay giúp loại bỏ nhiều vi sinh vật và chất bẩn, từ đó giảm nguy cơ đưa mầm bệnh vào cơ thể."
117,Vật lý,THPT,Trung bình,Công thức tính động năng của vật là gì?,Vận tốc trung bình là 120/2 = 60 km/h.,Động năng là 1/2 × 2 × 3² = 9 J.,Động năng được tính bằng Wđ = 1/2 mv².,Vận tốc được tính bằng quãng đường chia cho thời gian: v = s/t.,C,Động năng được tính bằng Wđ = 1/2 mv².
118,Lịch sử,THCS,Dễ,Hãy cho biết Chiến thắng Điện Biên Phủ diễn ra năm nào?,"Thắng lợi có nhiều nguyên nhân, trong đó có sự lãnh đạo của lực lượng cách mạng, quá trình chuẩn bị lâu dài, sức mạnh quần chúng và thời cơ thuận lợi khi Nhật đầu hàng Đồng minh.","Toàn cầu hóa tăng cường liên kết và trao đổi kinh tế, công nghệ, văn hóa giữa các quốc gia nhưng cũng tạo ra cạnh tranh và nhiều thách thức về bất bình đẳng, môi trường và khả năng thích ứng.",Chiến tranh thế giới thứ hai kết thúc vào năm 1945.,Chiến thắng Điện Biên Phủ diễn ra năm 1954.,D,Chiến thắng Điện Biên Phủ diễn ra năm 1954.
119,Toán,Tiểu học,Trung bình,Hình vuông có cạnh 6 cm. Chu vi hình vuông là bao nhiêu?,Hai nghiệm là x = 2 và x = 3.,Chu vi là 6 × 4 = 24 cm.,Có 16 học sinh nữ và 16 học sinh nam.,"Số nguyên gồm các số nguyên âm, số 0 và các số nguyên dương.",B,Chu vi là 6 × 4 = 24 cm.
120,Địa lý,Tiểu học,Trung bình,Việt Nam nằm ở khu vực nào của châu Á?,"Vì tài nguyên và môi trường là nền tảng của phát triển lâu dài; khai thác thiếu kiểm soát có thể làm suy giảm tài nguyên, tăng ô nhiễm và gây chi phí xã hội lớn.",GDP là tổng giá trị thị trường của hàng hóa và dịch vụ cuối cùng được sản xuất trong phạm vi một nền kinh tế trong một khoảng thời gian nhất định.,Miền Bắc chịu ảnh hưởng rõ hơn của gió mùa Đông Bắc và có vị trí vĩ độ cao hơn nên mùa đông lạnh hơn miền Nam.,Việt Nam nằm ở khu vực Đông Nam Á.,D,Việt Nam nằm ở khu vực Đông Nam Á.
121,Lịch sử,THCS,Dễ,Chiến thắng Điện Biên Phủ diễn ra năm nào?,Ngày Quốc khánh Việt Nam là ngày 2 tháng 9.,"Thắng lợi có nhiều nguyên nhân, trong đó có sự lãnh đạo của lực lượng cách mạng, quá trình chuẩn bị lâu dài, sức mạnh quần chúng và thời cơ thuận lợi khi Nhật đầu hàng Đồng minh.",Chiến tranh thế giới thứ hai kết thúc vào năm 1945.,Chiến thắng Điện Biên Phủ diễn ra năm 1954.,D,Chiến thắng Điện Biên Phủ diễn ra năm 1954.
122,Địa lý,THPT,Khó,Vì sao phát triển kinh tế cần gắn với bảo vệ môi trường?,"Cơ cấu kinh tế thường được phân theo khu vực nông, lâm, ngư nghiệp; công nghiệp và xây dựng; dịch vụ.",Việt Nam nằm ở khu vực Đông Nam Á.,Thủ đô của Việt Nam là Hà Nội.,"Vì tài nguyên và môi trường là nền tảng của phát triển lâu dài; khai thác thiếu kiểm soát có thể làm suy giảm tài nguyên, tăng ô nhiễm và gây chi phí xã hội lớn.",D,"Vì tài nguyên và môi trường là nền tảng của phát triển lâu dài; khai thác thiếu kiểm soát có thể làm suy giảm tài nguyên, tăng ô nhiễm và gây chi phí xã hội lớn."
123,Tin học,Tiểu học,Dễ,Hãy cho biết Chuột máy tính dùng để làm gì?,Khóa chính dùng để xác định duy nhất mỗi bản ghi trong một bảng và không được trùng giá trị giữa các bản ghi.,"Cơ sở dữ liệu là tập hợp dữ liệu được tổ chức để lưu trữ, truy cập và quản lý hiệu quả.","Chuột dùng để điều khiển con trỏ và thực hiện các thao tác như nhấp, kéo và chọn.","Nó mô tả mức tăng của chi phí tính toán theo kích thước đầu vào n, nhanh hơn O(n²) khi n đủ lớn và thường gặp trong các thuật toán sắp xếp hiệu quả như Merge Sort.",C,"Chuột dùng để điều khiển con trỏ và thực hiện các thao tác như nhấp, kéo và chọn."
124,Tiếng Việt,Tiểu học,Trung bình,Từ 'chăm chỉ' thuộc loại từ gì?,"Danh từ là từ chỉ người, sự vật, hiện tượng, khái niệm hoặc đơn vị.","'Chăm chỉ' là từ chỉ đặc điểm, tính chất.",Thuật toán là một dãy hữu hạn các bước rõ ràng dùng để giải quyết một bài toán hoặc thực hiện một nhiệm vụ.,Chủ ngữ là 'Những chú chim'.,B,"'Chăm chỉ' là từ chỉ đặc điểm, tính chất."
125,Khoa học,Tiểu học,Trung bình,Em hãy giải thích: Vì sao chúng ta cần ăn nhiều loại thực phẩm khác nhau?,Vì cơ thể cần nhiều nhóm chất dinh dưỡng khác nhau để tăng trưởng và hoạt động.,"'Few' mang nghĩa gần như không có hoặc số lượng rất ít; 'a few' nghĩa là có một vài, nhấn mạnh rằng vẫn có một số lượng nhất định.","Con người cần không khí, nước, thức ăn và các điều kiện sống phù hợp.","Rửa tay giúp loại bỏ nhiều vi sinh vật và chất bẩn, từ đó giảm nguy cơ đưa mầm bệnh vào cơ thể.",A,Vì cơ thể cần nhiều nhóm chất dinh dưỡng khác nhau để tăng trưởng và hoạt động.
126,Tin học,THPT,Trung bình,Em hãy giải thích: Khóa chính trong cơ sở dữ liệu quan hệ có chức năng gì?,"Chuột dùng để điều khiển con trỏ và thực hiện các thao tác như nhấp, kéo và chọn.",Khóa chính dùng để xác định duy nhất mỗi bản ghi trong một bảng và không được trùng giá trị giữa các bản ghi.,Thuật toán là một dãy hữu hạn các bước rõ ràng dùng để giải quyết một bài toán hoặc thực hiện một nhiệm vụ.,"Nó mô tả mức tăng của chi phí tính toán theo kích thước đầu vào n, nhanh hơn O(n²) khi n đủ lớn và thường gặp trong các thuật toán sắp xếp hiệu quả như Merge Sort.",B,Khóa chính dùng để xác định duy nhất mỗi bản ghi trong một bảng và không được trùng giá trị giữa các bản ghi.
127,Toán,Tiểu học,Trung bình,"Một cửa hàng có 48 quyển vở, bán 19 quyển. Còn lại bao nhiêu quyển?","Số nguyên gồm các số nguyên âm, số 0 và các số nguyên dương.",Còn lại 29 quyển vở.,Chu vi là 6 × 4 = 24 cm.,7 nhân 8 bằng 56.,B,Còn lại 29 quyển vở.
128,Khoa học,Tiểu học,Khó,Em hãy giải thích: Vì sao cần rửa tay trước khi ăn?,"Theo định lý Pythagore, cạnh huyền bằng √(6² + 8²) = 10 cm.",Vì cơ thể cần nhiều nhóm chất dinh dưỡng khác nhau để tăng trưởng và hoạt động.,"Rửa tay giúp loại bỏ nhiều vi sinh vật và chất bẩn, từ đó giảm nguy cơ đưa mầm bệnh vào cơ thể.","Con người cần không khí, nước, thức ăn và các điều kiện sống phù hợp.",C,"Rửa tay giúp loại bỏ nhiều vi sinh vật và chất bẩn, từ đó giảm nguy cơ đưa mầm bệnh vào cơ thể."
129,Hóa học,THPT,Khó,Cân bằng hóa học là gì?,"Nguyên tử gồm hạt nhân chứa proton và neutron, cùng các electron chuyển động xung quanh hạt nhân.","Chất xúc tác làm thay đổi tốc độ phản ứng, thường bằng cách cung cấp con đường phản ứng có năng lượng hoạt hóa thấp hơn, và không bị tiêu hao sau phản ứng.",Phản ứng hóa học là quá trình trong đó các chất ban đầu biến đổi thành những chất mới.,"Cân bằng hóa học là trạng thái của phản ứng thuận nghịch khi tốc độ phản ứng thuận bằng tốc độ phản ứng nghịch, khiến nồng độ các chất không đổi theo thời gian ở điều kiện xác định.",D,"Cân bằng hóa học là trạng thái của phản ứng thuận nghịch khi tốc độ phản ứng thuận bằng tốc độ phản ứng nghịch, khiến nồng độ các chất không đổi theo thời gian ở điều kiện xác định."
130,Ngữ văn,THPT,Khó,"Tác dụng của việc kết hợp tự sự, miêu tả và biểu cảm trong văn bản là gì?",Hoán dụ là biện pháp tu từ gọi tên sự vật này bằng tên sự vật khác có quan hệ gần gũi với nó.,"Sự kết hợp giúp văn bản vừa có diễn biến và thông tin, vừa tạo hình ảnh sinh động và bộc lộ cảm xúc, làm tăng sức thuyết phục và hấp dẫn.",Nghị luận xã hội là kiểu bài dùng lập luận và bằng chứng để bàn luận về một vấn đề thuộc đời sống xã hội.,"Ẩn dụ là biện pháp tu từ gọi tên sự vật, hiện tượng này bằng tên của sự vật, hiện tượng khác dựa trên nét tương đồng.",B,"Sự kết hợp giúp văn bản vừa có diễn biến và thông tin, vừa tạo hình ảnh sinh động và bộc lộ cảm xúc, làm tăng sức thuyết phục và hấp dẫn."
131,Vật lý,THPT,Trung bình,Hãy cho biết Công thức tính động năng của vật là gì?,Động năng được tính bằng Wđ = 1/2 mv².,Động năng là 1/2 × 2 × 3² = 9 J.,Vận tốc được tính bằng quãng đường chia cho thời gian: v = s/t.,"Đơn vị của lực là niutơn, ký hiệu N.",A,Động năng được tính bằng Wđ = 1/2 mv².
132,Toán,THPT,Trung bình,Giải phương trình x² - 5x + 6 = 0.,Hai nghiệm là x = 2 và x = 3.,Chu vi là 6 × 4 = 24 cm.,"Số nguyên gồm các số nguyên âm, số 0 và các số nguyên dương.",x = 4.,A,Hai nghiệm là x = 2 và x = 3.
133,Sinh học,THPT,Trung bình,Em hãy giải thích: Gen là gì?,Gen là một đoạn DNA mang thông tin quy định một sản phẩm chức năng hoặc tham gia quy định một tính trạng theo cơ chế di truyền.,"Quang hợp là quá trình thực vật sử dụng năng lượng ánh sáng để tổng hợp chất hữu cơ từ carbon dioxide và nước, đồng thời giải phóng oxygen.",Hô hấp tế bào giải phóng năng lượng từ chất hữu cơ để cung cấp năng lượng cho các hoạt động sống của tế bào.,Tế bào là đơn vị cấu tạo và chức năng cơ bản của cơ thể sống.,A,Gen là một đoạn DNA mang thông tin quy định một sản phẩm chức năng hoặc tham gia quy định một tính trạng theo cơ chế di truyền.
134,Vật lý,THPT,Dễ,Định luật II Newton có biểu thức như thế nào?,Vận tốc trung bình là 120/2 = 60 km/h.,Động năng được tính bằng Wđ = 1/2 mv².,Động năng là 1/2 × 2 × 3² = 9 J.,"Định luật II Newton có dạng F = ma, trong đó F là hợp lực, m là khối lượng và a là gia tốc.",D,"Định luật II Newton có dạng F = ma, trong đó F là hợp lực, m là khối lượng và a là gia tốc."
135,Tin học,THCS,Khó,Tại sao cần kiểm tra dữ liệu đầu vào của chương trình?,"Mật khẩu mạnh nên đủ dài, khó đoán và kết hợp nhiều loại ký tự; không nên dùng thông tin cá nhân dễ đoán.","Cơ sở dữ liệu là tập hợp dữ liệu được tổ chức để lưu trữ, truy cập và quản lý hiệu quả.",Thuật toán là một dãy hữu hạn các bước rõ ràng dùng để giải quyết một bài toán hoặc thực hiện một nhiệm vụ.,"Kiểm tra đầu vào giúp phát hiện dữ liệu không hợp lệ, hạn chế lỗi và làm chương trình hoạt động an toàn, đúng hơn.",D,"Kiểm tra đầu vào giúp phát hiện dữ liệu không hợp lệ, hạn chế lỗi và làm chương trình hoạt động an toàn, đúng hơn."
136,Sinh học,THCS,Trung bình,Hãy cho biết Quang hợp là gì?,Gen là một đoạn DNA mang thông tin quy định một sản phẩm chức năng hoặc tham gia quy định một tính trạng theo cơ chế di truyền.,Tế bào là đơn vị cấu tạo và chức năng cơ bản của cơ thể sống.,Hô hấp tế bào giải phóng năng lượng từ chất hữu cơ để cung cấp năng lượng cho các hoạt động sống của tế bào.,"Quang hợp là quá trình thực vật sử dụng năng lượng ánh sáng để tổng hợp chất hữu cơ từ carbon dioxide và nước, đồng thời giải phóng oxygen.",D,"Quang hợp là quá trình thực vật sử dụng năng lượng ánh sáng để tổng hợp chất hữu cơ từ carbon dioxide và nước, đồng thời giải phóng oxygen."
137,Toán,THCS,Trung bình,Giải phương trình 2x + 5 = 13.,Còn lại 29 quyển vở.,53 lớn hơn 35.,Giá trị tích phân là [x²] từ 0 đến 1 = 1.,x = 4.,D,x = 4.
138,Tiếng Anh,THPT,Khó,Phân biệt 'few' và 'a few'.,"'Few' mang nghĩa gần như không có hoặc số lượng rất ít; 'a few' nghĩa là có một vài, nhấn mạnh rằng vẫn có một số lượng nhất định.",'Book' nghĩa là 'quyển sách'.,They are not playing football.,Câu điều kiện loại 1 thường diễn tả một điều kiện có khả năng xảy ra ở hiện tại hoặc tương lai và kết quả có thể xảy ra.,A,"'Few' mang nghĩa gần như không có hoặc số lượng rất ít; 'a few' nghĩa là có một vài, nhấn mạnh rằng vẫn có một số lượng nhất định."
139,Địa lý,THCS,Dễ,Em hãy giải thích: Khí hậu Việt Nam mang tính chất gì nổi bật?,"Vì tài nguyên và môi trường là nền tảng của phát triển lâu dài; khai thác thiếu kiểm soát có thể làm suy giảm tài nguyên, tăng ô nhiễm và gây chi phí xã hội lớn.","Cơ cấu kinh tế thường được phân theo khu vực nông, lâm, ngư nghiệp; công nghiệp và xây dựng; dịch vụ.",Khí hậu Việt Nam nhìn chung mang tính chất nhiệt đới gió mùa.,Việt Nam nằm ở khu vực Đông Nam Á.,C,Khí hậu Việt Nam nhìn chung mang tính chất nhiệt đới gió mùa.
140,Lịch sử,THCS,Trung bình,Hãy cho biết Cách mạng tháng Tám năm 1945 có ý nghĩa gì đối với Việt Nam?,Chiến tranh thế giới thứ hai kết thúc vào năm 1945.,Cách mạng tháng Tám đã giành chính quyền trên cả nước và dẫn tới sự ra đời của nước Việt Nam Dân chủ Cộng hòa.,"Một mục tiêu lớn là duy trì hòa bình và an ninh quốc tế, đồng thời thúc đẩy hợp tác giữa các quốc gia.",Chủ tịch Hồ Chí Minh đọc Tuyên ngôn Độc lập.,B,Cách mạng tháng Tám đã giành chính quyền trên cả nước và dẫn tới sự ra đời của nước Việt Nam Dân chủ Cộng hòa.
141,Sinh học,THCS,Khó,Vì sao hô hấp tế bào quan trọng đối với cơ thể?,"Đột biến gen là sự biến đổi trong trình tự nucleotide của gen, có thể tạo ra alen mới và có những tác động khác nhau đến sinh vật.",Hô hấp tế bào giải phóng năng lượng từ chất hữu cơ để cung cấp năng lượng cho các hoạt động sống của tế bào.,"Quang hợp là quá trình thực vật sử dụng năng lượng ánh sáng để tổng hợp chất hữu cơ từ carbon dioxide và nước, đồng thời giải phóng oxygen.",Gen là một đoạn DNA mang thông tin quy định một sản phẩm chức năng hoặc tham gia quy định một tính trạng theo cơ chế di truyền.,B,Hô hấp tế bào giải phóng năng lượng từ chất hữu cơ để cung cấp năng lượng cho các hoạt động sống của tế bào.
142,Tin học,THPT,Dễ,Hãy cho biết Cơ sở dữ liệu là gì?,Khóa chính dùng để xác định duy nhất mỗi bản ghi trong một bảng và không được trùng giá trị giữa các bản ghi.,"Cơ sở dữ liệu là tập hợp dữ liệu được tổ chức để lưu trữ, truy cập và quản lý hiệu quả.",Thuật toán là một dãy hữu hạn các bước rõ ràng dùng để giải quyết một bài toán hoặc thực hiện một nhiệm vụ.,"Chuột dùng để điều khiển con trỏ và thực hiện các thao tác như nhấp, kéo và chọn.",B,"Cơ sở dữ liệu là tập hợp dữ liệu được tổ chức để lưu trữ, truy cập và quản lý hiệu quả."
143,Toán,Tiểu học,Dễ,7 nhân 8 bằng bao nhiêu?,x = 4.,Chu vi là 6 × 4 = 24 cm.,7 nhân 8 bằng 56.,Hai nghiệm là x = 2 và x = 3.,C,7 nhân 8 bằng 56.
144,Ngữ văn,THPT,Dễ,Nghị luận xã hội là kiểu bài gì?,Nghị luận xã hội là kiểu bài dùng lập luận và bằng chứng để bàn luận về một vấn đề thuộc đời sống xã hội.,"Ẩn dụ là biện pháp tu từ gọi tên sự vật, hiện tượng này bằng tên của sự vật, hiện tượng khác dựa trên nét tương đồng.","Sự kết hợp giúp văn bản vừa có diễn biến và thông tin, vừa tạo hình ảnh sinh động và bộc lộ cảm xúc, làm tăng sức thuyết phục và hấp dẫn.",Đề tài là phạm vi hiện thực được tác phẩm phản ánh; chủ đề là vấn đề hoặc tư tưởng trọng tâm mà tác phẩm muốn làm nổi bật.,A,Nghị luận xã hội là kiểu bài dùng lập luận và bằng chứng để bàn luận về một vấn đề thuộc đời sống xã hội.
145,Tiếng Anh,THCS,Trung bình,Hãy cho biết Đổi câu 'They are playing football.' sang câu phủ định.?,Từ thích hợp là 'am'.,"Thì hiện tại hoàn thành thường dùng để nói về hành động đã xảy ra trong quá khứ nhưng có liên hệ với hiện tại, hoặc kinh nghiệm và hành động kéo dài đến hiện tại.",'Book' nghĩa là 'quyển sách'.,They are not playing football.,D,They are not playing football.
146,Tiếng Anh,Tiểu học,Trung bình,Em hãy giải thích: Điền từ thích hợp: 'I ___ a student.'?,"Thì hiện tại đơn thường diễn tả thói quen, sự thật hiển nhiên hoặc những việc thường xuyên xảy ra.",She doesn't like apples.,Câu điều kiện loại 1 thường diễn tả một điều kiện có khả năng xảy ra ở hiện tại hoặc tương lai và kết quả có thể xảy ra.,Từ thích hợp là 'am'.,D,Từ thích hợp là 'am'.
147,Toán,THPT,Khó,Hãy cho biết Tích phân ∫ từ 0 đến 1 của 2x dx bằng bao nhiêu?,Còn lại 29 quyển vở.,x = 4.,"Theo định lý Pythagore, cạnh huyền bằng √(6² + 8²) = 10 cm.",Giá trị tích phân là [x²] từ 0 đến 1 = 1.,D,Giá trị tích phân là [x²] từ 0 đến 1 = 1.
148,Tiếng Việt,Tiểu học,Khó,"Hãy cho biết Trong câu 'Những chú chim đang hót trên cành', chủ ngữ là gì?","Danh từ là từ chỉ người, sự vật, hiện tượng, khái niệm hoặc đơn vị.",Chủ ngữ là 'Những chú chim'.,"Cơ cấu kinh tế thường được phân theo khu vực nông, lâm, ngư nghiệp; công nghiệp và xây dựng; dịch vụ.","'Chăm chỉ' là từ chỉ đặc điểm, tính chất.",B,Chủ ngữ là 'Những chú chim'.
149,Lịch sử,THPT,Dễ,Hãy cho biết Chiến tranh thế giới thứ hai kết thúc vào năm nào?,Ngày Quốc khánh Việt Nam là ngày 2 tháng 9.,Chiến thắng Điện Biên Phủ diễn ra năm 1954.,Chiến tranh thế giới thứ hai kết thúc vào năm 1945.,Cách mạng tháng Tám đã giành chính quyền trên cả nước và dẫn tới sự ra đời của nước Việt Nam Dân chủ Cộng hòa.,C,Chiến tranh thế giới thứ hai kết thúc vào năm 1945.
150,Tin học,THPT,Trung bình,Khóa chính trong cơ sở dữ liệu quan hệ có chức năng gì?,Khóa chính dùng để xác định duy nhất mỗi bản ghi trong một bảng và không được trùng giá trị giữa các bản ghi.,Thuật toán là một dãy hữu hạn các bước rõ ràng dùng để giải quyết một bài toán hoặc thực hiện một nhiệm vụ.,"Mật khẩu mạnh nên đủ dài, khó đoán và kết hợp nhiều loại ký tự; không nên dùng thông tin cá nhân dễ đoán.","Chuột dùng để điều khiển con trỏ và thực hiện các thao tác như nhấp, kéo và chọn.",A,Khóa chính dùng để xác định duy nhất mỗi bản ghi trong một bảng và không được trùng giá trị giữa các bản ghi.
151,Tin học,THCS,Khó,Hãy cho biết Tại sao cần kiểm tra dữ liệu đầu vào của chương trình?,"Cơ sở dữ liệu là tập hợp dữ liệu được tổ chức để lưu trữ, truy cập và quản lý hiệu quả.","Nó mô tả mức tăng của chi phí tính toán theo kích thước đầu vào n, nhanh hơn O(n²) khi n đủ lớn và thường gặp trong các thuật toán sắp xếp hiệu quả như Merge Sort.",Biến dùng để lưu trữ dữ liệu trong quá trình chương trình thực hiện và giá trị của biến có thể thay đổi.,"Kiểm tra đầu vào giúp phát hiện dữ liệu không hợp lệ, hạn chế lỗi và làm chương trình hoạt động an toàn, đúng hơn.",D,"Kiểm tra đầu vào giúp phát hiện dữ liệu không hợp lệ, hạn chế lỗi và làm chương trình hoạt động an toàn, đúng hơn."
152,Tiếng Anh,THPT,Trung bình,Em hãy giải thích: Câu điều kiện loại 1 thường dùng để diễn tả điều gì?,Từ thích hợp là 'am'.,"'Few' mang nghĩa gần như không có hoặc số lượng rất ít; 'a few' nghĩa là có một vài, nhấn mạnh rằng vẫn có một số lượng nhất định.",Câu điều kiện loại 1 thường diễn tả một điều kiện có khả năng xảy ra ở hiện tại hoặc tương lai và kết quả có thể xảy ra.,They are not playing football.,C,Câu điều kiện loại 1 thường diễn tả một điều kiện có khả năng xảy ra ở hiện tại hoặc tương lai và kết quả có thể xảy ra.
153,Toán,THCS,Dễ,Số nguyên là gì?,"Số nguyên gồm các số nguyên âm, số 0 và các số nguyên dương.",f'(x)=2x.,"Theo định lý Pythagore, cạnh huyền bằng √(6² + 8²) = 10 cm.",7 nhân 8 bằng 56.,A,"Số nguyên gồm các số nguyên âm, số 0 và các số nguyên dương."
154,Địa lý,THPT,Trung bình,Cơ cấu kinh tế gồm những khu vực chính nào?,GDP là tổng giá trị thị trường của hàng hóa và dịch vụ cuối cùng được sản xuất trong phạm vi một nền kinh tế trong một khoảng thời gian nhất định.,Thủ đô của Việt Nam là Hà Nội.,"Cơ cấu kinh tế thường được phân theo khu vực nông, lâm, ngư nghiệp; công nghiệp và xây dựng; dịch vụ.",Khí hậu Việt Nam nhìn chung mang tính chất nhiệt đới gió mùa.,C,"Cơ cấu kinh tế thường được phân theo khu vực nông, lâm, ngư nghiệp; công nghiệp và xây dựng; dịch vụ."
155,Địa lý,THPT,Trung bình,Hãy cho biết Cơ cấu kinh tế gồm những khu vực chính nào?,GDP là tổng giá trị thị trường của hàng hóa và dịch vụ cuối cùng được sản xuất trong phạm vi một nền kinh tế trong một khoảng thời gian nhất định.,"Cơ cấu kinh tế thường được phân theo khu vực nông, lâm, ngư nghiệp; công nghiệp và xây dựng; dịch vụ.",Miền Bắc chịu ảnh hưởng rõ hơn của gió mùa Đông Bắc và có vị trí vĩ độ cao hơn nên mùa đông lạnh hơn miền Nam.,Khí hậu Việt Nam nhìn chung mang tính chất nhiệt đới gió mùa.,B,"Cơ cấu kinh tế thường được phân theo khu vực nông, lâm, ngư nghiệp; công nghiệp và xây dựng; dịch vụ."
156,Lịch sử,Tiểu học,Dễ,Ai là người đọc Tuyên ngôn Độc lập ngày 2 tháng 9 năm 1945?,Chủ tịch Hồ Chí Minh đọc Tuyên ngôn Độc lập.,"Một mục tiêu lớn là duy trì hòa bình và an ninh quốc tế, đồng thời thúc đẩy hợp tác giữa các quốc gia.","Toàn cầu hóa tăng cường liên kết và trao đổi kinh tế, công nghệ, văn hóa giữa các quốc gia nhưng cũng tạo ra cạnh tranh và nhiều thách thức về bất bình đẳng, môi trường và khả năng thích ứng.",Chiến thắng Điện Biên Phủ diễn ra năm 1954.,A,Chủ tịch Hồ Chí Minh đọc Tuyên ngôn Độc lập.
157,Tiếng Anh,Tiểu học,Dễ,Em hãy giải thích: Từ 'book' nghĩa là gì?,'Book' nghĩa là 'quyển sách'.,"Cấu trúc cơ bản là chủ ngữ mới + be + past participle (V3), với thì của động từ be phù hợp.",Từ thích hợp là 'am'.,"'Few' mang nghĩa gần như không có hoặc số lượng rất ít; 'a few' nghĩa là có một vài, nhấn mạnh rằng vẫn có một số lượng nhất định.",A,'Book' nghĩa là 'quyển sách'.
158,Toán,Tiểu học,Dễ,Hãy cho biết 7 nhân 8 bằng bao nhiêu?,7 nhân 8 bằng 56.,"Theo định lý Pythagore, cạnh huyền bằng √(6² + 8²) = 10 cm.",Hai nghiệm là x = 2 và x = 3.,Có 16 học sinh nữ và 16 học sinh nam.,A,7 nhân 8 bằng 56.
